sample,species,notes,score,p_value,hash_match,top_hit,source
TEST001,Neisseria meningitidis,Hit_above_threshold,0.99823146,0,941/1000,Neisseria_meningitidis_MC58,ncbi_refseq
M27714_HUY3136A14_TCCGGAGA_TAATCTTA,Haemophilus parainfluenzae,Hit_above_threshold,0.9376325,0,156/1000,C2008003258.fasta,MN_lab
M39111_S8,Neisseria meningitidis,Hit_above_threshold,0.999219342,0,968/1000,M37141_CHA4054A25_cleaned.fasta,BML_collection
M38735_S19,Neisseria meningitidis,Hit_above_threshold,0.999663128,0,986/1000,M28532_CHA3757A20_cleaned.fasta,BML_collection
M38961_S24,Neisseria polysaccharea,Hit_above_threshold,0.999194327,0,967/1000,M38962_S4_cleaned.fasta,BML_collection
M38393_CHA4309A20_TAATGCGC_GGCTCTGA,Neisseria lactamica,Hit_above_threshold,0.99039103,0,691/1000,M17105_HUY3124A92_cleaned.fasta,BML_collection
M39476_HC075A03_S17,Haemophilus influenzae,Hit_above_threshold,0.99850399,0,940/1000,Haemophilus_influenzae_10810.fasta,ncbi_refseq
M39503_S33,Haemophilus influenzae,Hit_above_threshold,0.99886557,0,954/1000,M10766_HUY4654A184_cleaned.fasta,BML_collection
M39587_CP008C03_S19,Haemophilus influenzae,Hit_above_threshold,0.9999761726,0,999/1000,M21384_v1_PacBio.fasta,BML_collection
M39546_HC075C03_S19,Haemophilus influenzae,Hit_above_threshold,0.9999761726,0,999/1000,M21384_v1_PacBio.fasta,BML_collection
M39498_HC097F01_S6,Haemophilus influenzae,Hit_above_threshold,0.9872707,0,620/1000,Haemophilus_influenzae_HI2116.fasta,ncbi_refseq
M39545_HC097A02_S9,Haemophilus influenzae,Hit_above_threshold,0.99886557,0,954/1000,M10766_HUY4654A184_cleaned.fasta,BML_collection
M40054_HC096F02_S14,Haemophilus influenzae,Hit_above_threshold,0.999832454,0,993/1000,M25588_v1_PacBio.fasta,BML_collection
M39754_S12,Neisseria cinerea,Hit_above_threshold,0.9719551,0,384/1000,C2014019557.fasta,MN_lab
M39903_HC097A04_S25,Haemophilus influenzae,Hit_above_threshold,0.9999044753,0,996/1000,Haemophilus_influenzae_Hi378.fasta,ncbi_refseq
M40048_HC097C04_S27,Haemophilus influenzae,Hit_above_threshold,0.99808084,0,924/1000,M25267_v1_PacBio.fasta,BML_collection
M40259_S24,Haemophilus influenzae,Hit_above_threshold,0.99748097,0,902/1000,M29695_HUY4067A162_cleaned.fasta,BML_collection
M40237_HC054C02_S11,Neisseria meningitidis,Hit_above_threshold,0.99860811,0,944/1000,M28331_CHA3757A13_cleaned.fasta,BML_collection
M40197_S22,Haemophilus influenzae,Hit_above_threshold,0.99218192,0,737/1000,M07052_CHA5265A28_cleaned.fasta,BML_collection
M40270_HC036G01_S7,Neisseria meningitidis,Hit_above_threshold,0.999467397,0,978/1000,M17596_CHA4858A3_cleaned.fasta,BML_collection
M40365_HC096A04_S25,Haemophilus influenzae,Hit_above_threshold,0.999832454,0,993/1000,M25588_v1_PacBio.fasta,BML_collection
M40920_S152,Haemophilus influenzae,Hit_above_threshold,0.999269259,0,970/1000,Haemophilus_influenzae_HI2004.fasta,ncbi_refseq
M40992_LR005_S22,Neisseria meningitidis,Hit_above_threshold,0.99837291,0,935/1000,M27477_v0_PacBio.fasta,BML_collection
M40924_HC096G04_S31,Haemophilus influenzae,Hit_above_threshold,0.99786517,0,916/1000,Haemophilus_influenzae_10810.fasta,ncbi_refseq
M40988_LR005_S18,Neisseria meningitidis,Hit_above_threshold,0.99839921,0,936/1000,M39595_S19_cleaned.fasta,BML_collection
M41039_S115,Haemophilus influenzae,Hit_above_threshold,0.999093876,0,963/1000,Haemophilus_influenzae_1059_HINF.fasta,ncbi_refseq
M41067_LR006_S4,Neisseria meningitidis,Hit_above_threshold,0.99786517,0,916/1000,M29016_CHA3757A25_cleaned.fasta,BML_collection
M41121_S77,Haemophilus influenzae,Hit_above_threshold,0.999043417,0,961/1000,M25267_v1_PacBio.fasta,BML_collection
M42090_CHA6966A108_TAATGCGC_GGCTCTGA,Neisseria subflava,Hit_above_threshold,0.9531646,0,230/1000,Neisseria_sp._HMSC072C05.fasta,ncbi_refseq
M43180_CP008H03_S24,Neisseria meningitidis,Hit_above_threshold,0.99924432,0,969/1000,M17596_CHA4858A3_cleaned.fasta,BML_collection
M44851_HC094G01_S7,Neisseria lactamica,Hit_above_threshold,0.9884239,0,645/1000,M37079_CHA4301A17_cleaned.fasta,BML_collection
M49380_HC109F02_S14,Neisseria bergeri,Hit_above_threshold,0.99371774,0,780/1000,C2008000329.fasta,MN_lab
M50267_FH001C02_S11,Haemophilus haemolyticus,Hit_above_threshold,0.962689,0,296/1000,M19528_HUY4067A22_cleaned.fasta,BML_collection
M49660_HC111E02_S13,Neisseria meningitidis,Hit_above_threshold,0.999119047,0,964/1000,M23677_v0_PacBio.fasta,BML_collection
M53797_FH013F02_S14,Neisseria meningitidis,Hit_above_threshold,0.999144179,0,965/1000,M38522_S14_cleaned.fasta,BML_collection
M46097_HC099H03_S24,Neisseria meningitidis,Hit_above_threshold,0.99858214,0,943/1000,M38522_S14_cleaned.fasta,BML_collection
M41572_HC067B02_S10,Neisseria meningitidis,Hit_above_threshold,0.99924432,0,969/1000,M17596_CHA4858A3_cleaned.fasta,BML_collection
M41869_HC073A03_S17,Neisseria meningitidis,Hit_above_threshold,0.99837291,0,935/1000,M39595_S19_cleaned.fasta,BML_collection
M43187_HC082G01_S7,Neisseria gonorrhoeae,Hit_above_threshold,0.999832454,0,993/1000,Neisseria_gonorrhoeae_GCGS162.fasta,ncbi_refseq
M43204_HC079H04_S32,Haemophilus parainfluenzae,Hit_above_threshold,0.9648433,0,314/1000,Haemophilus_parainfluenzae_209_HPAR.fasta,ncbi_refseq
M44107_HC092C01_S3,Neisseria meningitidis,Hit_above_threshold,0.99824078,0,930/1000,M39595_S19_cleaned.fasta,BML_collection
M44831_HC098E03_S21,Neisseria meningitidis,Hit_above_threshold,0.99842547,0,937/1000,M27477_v0_PacBio.fasta,BML_collection
M40185_S31,Haemophilus influenzae,Hit_above_threshold,0.99826729,0,931/1000,M25267_v1_PacBio.fasta,BML_collection
M54547_DM017H02_S16,Haemophilus parainfluenzae,Hit_above_threshold,0.9723994,0,389/1000,Haemophilus_parainfluenzae_ATCC_9796.fasta,ncbi_refseq
M44943_HC098A04_S25,Neisseria meningitidis,Hit_above_threshold,0.999368632,0,974/1000,M38110_CHA5275A191_cleaned.fasta,BML_collection
M19135_HUY4190A131_ATTCAGAA_CCTATCCT,Haemophilus haemolyticus,Hit_above_threshold,1.0,0,1000/1000,M19135_HUY4190A131_cleaned.fasta,BML_collection
M26175_HUY4190A163_CGGCTATG_GGCTCTGA,Haemophilus haemolyticus,Hit_above_threshold,0.9640241,0,307/1000,M26156_HUY4190A146_cleaned.fasta,BML_collection
M28407_CHA3974A9_TCCGGAGA_TATAGCCT,Neisseria meningitidis,Hit_above_threshold,0.99839921,0,936/1000,M39595_S19_cleaned.fasta,BML_collection
M37380_BW050B05_S322,Haemophilus haemolyticus,Hit_above_threshold,0.9633033,0,301/1000,M26160_HUY4190A150_cleaned.fasta,BML_collection
M19130_HUY4190A130_ATTCAGAA_ATAGAGGC,Haemophilus haemolyticus,Hit_above_threshold,0.99783802,0,915/1000,M26173_HUY4190A184_cleaned.fasta,BML_collection
M19099_HUY4190A124_GAGATTCC_GGCTCTGA,Haemophilus haemolyticus,Hit_above_threshold,1.0,0,1000/1000,M19099_HUY4190A124_cleaned.fasta,BML_collection
M26163_HUY4190A153_TAATGCGC_TATAGCCT,Haemophilus haemolyticus,Hit_above_threshold,0.9585738,0,265/1000,M26167_HUY4190A157_cleaned.fasta,BML_collection
M26174_HUY4190A162_CGGCTATG_CCTATCCT,Haemophilus haemolyticus,Hit_above_threshold,1.0,0,1000/1000,M26174_HUY4190A162_cleaned.fasta,BML_collection
M38003_BW050D05_S324,Haemophilus haemolyticus,Hit_above_threshold,0.99526292,0,827/1000,M28486_v0_PacBio.fasta,BML_collection
M19122_HUY4190A129_ATTCAGAA_TATAGCCT,Haemophilus haemolyticus,Hit_above_threshold,1.0,0,1000/1000,M19122_HUY4190A129_cleaned.fasta,BML_collection
M19094_HUY4190A123_GAGATTCC_CCTATCCT,Haemophilus haemolyticus,Hit_above_threshold,0.9689256,0,352/1000,M19155_HUY4190A134_cleaned.fasta,BML_collection
M19090_HUY4190A122_GAGATTCC_ATAGAGGC,Haemophilus haemolyticus,Hit_above_threshold,0.99786517,0,916/1000,M19345_v0_PacBio.fasta,BML_collection
M26164_HUY4190A154_TAATGCGC_ATAGAGGC,Haemophilus haemolyticus,Hit_above_threshold,1.0,0,1000/1000,M26164_HUY4190A154_cleaned.fasta,BML_collection
M26161_HUY4190A151_CTGAAGCT_CAGGACGT,Haemophilus haemolyticus,Hit_above_threshold,1.0,0,1000/1000,M26161_HUY4190A151_cleaned.fasta,BML_collection
M26160_HUY4190A150_CTGAAGCT_TAATCTTA,Haemophilus haemolyticus,Hit_above_threshold,1.0,0,1000/1000,M26160_HUY4190A150_cleaned.fasta,BML_collection
M39197_CHA6660A182_TCTCGCGC_TAATCTTA,Neisseria bergeri,Hit_above_threshold,0.99409123,0,791/1000,C2008000329.fasta,MN_lab
M40461_CHA6311A132_ATTCAGAA_GGCTCTGA,Neisseria subflava,Hit_above_threshold,0.9509,0,217/1000,Neisseria_sp._HMSC070H10.fasta,ncbi_refseq
M29141_BW050A05_S321,Haemophilus haemolyticus,Hit_above_threshold,0.9623143,0,293/1000,M26167_HUY4190A157_cleaned.fasta,BML_collection
M39756_BW050A06_S329,Neisseria lactamica,Hit_above_threshold,0.99648086,0,867/1000,M17106_v0_PacBio.fasta,BML_collection
M40496_CHA6311A134_ATTCAGAA_TAATCTTA,Neisseria subflava,Hit_above_threshold,0.9538311,0,234/1000,Neisseria_sp._HMSC072C05.fasta,ncbi_refseq
M40875_S175,Haemophilus influenzae,Hit_above_threshold,0.999880504,0,995/1000,Haemophilus_influenzae_Hi378.fasta,ncbi_refseq
M40901_S161,Haemophilus influenzae,Hit_above_threshold,0.99683034,0,879/1000,Haemophilus_influenzae_PittEE.fasta,ncbi_refseq
M40555_CHA6311A159_TAATGCGC_CAGGACGT,Neisseria polysaccharea,Hit_above_threshold,0.9651875,0,317/1000,M38962_S4_cleaned.fasta,BML_collection
M40857_BW050C06_S331,Haemophilus parainfluenzae,Hit_above_threshold,0.9676985,0,340/1000,Haemophilus_parainfluenzae_CCUG_58848.fasta,ncbi_refseq
M41466_S357,Haemophilus influenzae,Hit_above_threshold,0.99878876,0,951/1000,M10766_HUY4654A184_cleaned.fasta,BML_collection
M40811_S25,Haemophilus influenzae,Hit_above_threshold,0.9999761726,0,999/1000,M25896_CHA5265A96_cleaned.fasta,BML_collection
M54447_DM014F03_S22,Neisseria meningitidis,Hit_above_threshold,0.99886557,0,954/1000,M36874_HUY3758A7_cleaned.fasta,BML_collection
M59900_BW026A03_S14,Neisseria meningitidis,Hit_above_threshold,0.99839921,0,936/1000,M22838_HUY1102A26_cleaned.fasta,BML_collection
M60630_SS011D4_S25,Neisseria meningitidis,Hit_above_threshold,0.99868577,0,947/1000,M36874_HUY3758A7_cleaned.fasta,BML_collection
M62454_BW032G12_S95,Neisseria meningitidis,Hit_above_threshold,0.99839921,0,936/1000,M39595_S19_cleaned.fasta,BML_collection
M62518_BW033C04_S27,Neisseria meningitidis,Hit_above_threshold,0.99808084,0,924/1000,M39595_S19_cleaned.fasta,BML_collection
M54357_DM013F02_S14,Haemophilus parainfluenzae,Hit_above_threshold,0.9585738,0,265/1000,Haemophilus_parainfluenzae_146_HPAR.fasta,ncbi_refseq
M59130_BW021E01_S5,Neisseria meningitidis,Hit_above_threshold,0.99868577,0,947/1000,M36874_HUY3758A7_cleaned.fasta,BML_collection
M62453_BW032F12_S94,Neisseria meningitidis,Hit_above_threshold,0.99824078,0,930/1000,M39595_S19_cleaned.fasta,BML_collection
M29699_HUY4067A99_ATTACTCG_CCTATCCT,Haemophilus influenzae,Hit_above_threshold,0.99668558,0,874/1000,Haemophilus_influenzae_RdAW.fasta,ncbi_refseq
M62272_BW032C04_S27,Neisseria meningitidis,Hit_above_threshold,0.99863404,0,945/1000,M36874_HUY3758A7_cleaned.fasta,BML_collection
M62250_BW032B03_S18,Neisseria meningitidis,Hit_above_threshold,0.99834657,0,934/1000,M39595_S19_cleaned.fasta,BML_collection
M62251_BW032C03_S19,Neisseria meningitidis,Hit_above_threshold,0.99826729,0,931/1000,M39595_S19_cleaned.fasta,BML_collection
M22775_HUY3803A88_TCTCGCGC_CAGGACGT,Neisseria meningitidis,Hit_above_threshold,0.999614419,0,984/1000,M14418_S17_cleaned.fasta,BML_collection
M63356_VW013A02_S9,Neisseria meningitidis,Hit_above_threshold,0.99832019,0,933/1000,M39595_S19_cleaned.fasta,BML_collection
M62457_VW007F12_S94,Neisseria meningitidis,Hit_above_threshold,0.99832019,0,933/1000,M39595_S19_cleaned.fasta,BML_collection
M62252_BW032D03_S20,Neisseria meningitidis,Hit_above_threshold,0.99834657,0,934/1000,M39595_S19_cleaned.fasta,BML_collection
M62234_BW032A03_S17,Neisseria meningitidis,Hit_above_threshold,0.99781082,0,914/1000,M21326_HUY2364A17_cleaned.fasta,BML_collection
M58233_BW016B4_S26,Neisseria meningitidis,Hit_above_threshold,0.999565561,0,982/1000,M39532_S4_cleaned.fasta,BML_collection
M62452_BW032E12_S93,Neisseria meningitidis,Hit_above_threshold,0.99821423,0,929/1000,M39595_S19_cleaned.fasta,BML_collection
M60650_SS011H4_S29,Neisseria meningitidis,Hit_above_threshold,0.99871158,0,948/1000,M36874_HUY3758A7_cleaned.fasta,BML_collection
M62466_BW033F03_S22,Neisseria meningitidis,Hit_above_threshold,0.99868577,0,947/1000,M36874_HUY3758A7_cleaned.fasta,BML_collection
M62835_BW034D09_S68,Neisseria meningitidis,Hit_above_threshold,0.99837291,0,935/1000,M39595_S19_cleaned.fasta,BML_collection
M62049_VW005F06_S46,Neisseria meningitidis,Hit_above_threshold,0.99863404,0,945/1000,M36874_HUY3758A7_cleaned.fasta,BML_collection
M58236_BW016H3_S24,Neisseria meningitidis,Hit_above_threshold,0.999018129,0,960/1000,M38382_CHA4309A15_cleaned.fasta,BML_collection
M62455_VW007D12_S92,Neisseria meningitidis,Hit_above_threshold,0.99871158,0,948/1000,M36874_HUY3758A7_cleaned.fasta,BML_collection
M62441_BW032H11_S88,Neisseria meningitidis,Hit_above_threshold,0.99781082,0,914/1000,M21326_HUY2364A17_cleaned.fasta,BML_collection
M62048_VW005E06_S45,Neisseria meningitidis,Hit_above_threshold,0.99863404,0,945/1000,M36874_HUY3758A7_cleaned.fasta,BML_collection
M62253_BW032E03_S21,Neisseria meningitidis,Hit_above_threshold,0.99821423,0,929/1000,M39595_S19_cleaned.fasta,BML_collection
M59786_BW025B3_S18,Neisseria meningitidis,Hit_above_threshold,0.999169272,0,966/1000,M38522_S14_cleaned.fasta,BML_collection
M22699_HUY3803A74_TCCGCGAA_TATAGCCT,Neisseria meningitidis,Hit_above_threshold,0.99826729,0,931/1000,M14418_S17_cleaned.fasta,BML_collection
M63016_VW010C06_S43,Neisseria meningitidis,Hit_above_threshold,0.99941809,0,976/1000,M38824_S5_cleaned.fasta,BML_collection
