iso,name,printable_name,state_country,state_name,iso3,numcode,historical_code,who_region_id,region_id,gisaid_country_code,gisaid_state_code,gisaid_name,hhs_region_id,ansi_code,un_region_id,inactive,geo_region_id,latitude,longitude,state_latitude,state_longitude,arln_region,region_lat,region_long
US,UNITED STATES,United States of America,AK,Alaska,USA,840,US,PAHO,US,6798,6867,United States,10,2,North America,f,North America,37.09024,-95.712891,63.588753,-154.493062,West,47.333333,-120.268333
US,UNITED STATES,United States of America,AL,Alabama,USA,840,US,PAHO,US,6798,6799,United States,4,1,North America,f,North America,37.09024,-95.712891,32.318231,-86.902298,Southeast,35.795,-86.621667
US,UNITED STATES,United States of America,AR,Arkansas,USA,840,US,PAHO,US,6798,6911,United States,6,5,North America,f,North America,37.09024,-95.712891,35.20105,-91.831833,Central,46.025,-95.326667
US,UNITED STATES,United States of America,AZ,Arizona,USA,840,US,PAHO,US,6798,6895,United States,9,4,North America,f,North America,37.09024,-95.712891,34.048928,-111.093731,Mountain,39.386667,-111.685
US,UNITED STATES,United States of America,CA,California,USA,840,US,PAHO,US,6798,6987,United States,9,6,North America,f,North America,37.09024,-95.712891,36.778261,-119.417932,West,47.333333,-120.268333
US,UNITED STATES,United States of America,CO,Colorado,USA,840,US,PAHO,US,6798,7046,United States,8,8,North America,f,North America,37.09024,-95.712891,39.550051,-105.782067,Mountain,39.386667,-111.685
US,UNITED STATES,United States of America,CT,Connecticut,USA,840,US,PAHO,US,6798,7111,United States,1,9,North America,f,North America,37.09024,-95.712891,41.603221,-73.087749,Northeast,42.965,-76.016667
US,UNITED STATES,United States of America,DC,District of Columbia,USA,840,US,PAHO,US,6798,7124,United States,3,11,North America,f,North America,37.09024,-95.712891,38.905985,-77.033418,Mid-Atlantic,39.441667,-77.371667
US,UNITED STATES,United States of America,DE,Delaware,USA,840,US,PAHO,US,6798,7120,United States,3,10,North America,f,North America,37.09024,-95.712891,38.910832,-75.52767,Mid-Atlantic,39.441667,-77.371667
US,UNITED STATES,United States of America,FL,Florida,USA,840,US,PAHO,US,6798,7125,United States,4,12,North America,f,North America,37.09024,-95.712891,27.664827,-81.515754,Southeast,35.795,-86.621667
US,UNITED STATES,United States of America,GA,Georgia,USA,840,US,PAHO,US,6798,7193,United States,4,13,North America,f,North America,37.09024,-95.712891,32.157435,-82.907123,Southeast,35.795,-86.621667
US,UNITED STATES,United States of America,HI,Hawaii,USA,840,US,PAHO,US,6798,7352,United States,9,15,North America,f,North America,37.09024,-95.712891,19.898682,-155.665857,West,47.333333,-120.268333
US,UNITED STATES,United States of America,IA,Iowa,USA,840,US,PAHO,US,6798,7599,United States,7,19,North America,f,North America,37.09024,-95.712891,41.878003,-93.097702,Central,46.025,-95.326667
US,UNITED STATES,United States of America,ID,Idaho,USA,840,US,PAHO,US,6798,7358,United States,10,16,North America,f,North America,37.09024,-95.712891,44.068202,-114.742041,Mountain,39.386667,-111.685
US,UNITED STATES,United States of America,IL,Illinois,USA,840,US,PAHO,US,6798,7403,United States,5,17,North America,f,North America,37.09024,-95.712891,40.633125,-89.398528,Midwest,44.433333,-89.763333
US,UNITED STATES,United States of America,IN,Indiana,USA,840,US,PAHO,US,6798,7506,United States,5,18,North America,f,North America,37.09024,-95.712891,40.551217,-85.602364,Midwest,44.433333,-89.763333
US,UNITED STATES,United States of America,KS,Kansas,USA,840,US,PAHO,US,6798,7699,United States,7,20,North America,f,North America,37.09024,-95.712891,39.011902,-98.484246,Central,46.025,-95.326667
US,UNITED STATES,United States of America,KY,Kentucky,USA,840,US,PAHO,US,6798,7803,United States,4,21,North America,f,North America,37.09024,-95.712891,37.839333,-84.270018,Midwest,44.433333,-89.763333
US,UNITED STATES,United States of America,LA,Louisiana,USA,840,US,PAHO,US,6798,7924,United States,6,22,North America,f,North America,37.09024,-95.712891,31.244823,-92.145024,Southeast,35.795,-86.621667
US,UNITED STATES,United States of America,MA,Massachusetts,USA,840,US,PAHO,US,6798,8031,United States,1,25,North America,f,North America,37.09024,-95.712891,42.407211,-71.382437,Northeast,42.965,-76.016667
US,UNITED STATES,United States of America,MD,Maryland,USA,840,US,PAHO,US,6798,8006,United States,3,24,North America,f,North America,37.09024,-95.712891,39.045755,-76.641271,Mid-Atlantic,39.441667,-77.371667
US,UNITED STATES,United States of America,ME,Maine,USA,840,US,PAHO,US,6798,7989,United States,1,23,North America,f,North America,37.09024,-95.712891,45.253783,-69.445469,Northeast,42.965,-76.016667
US,UNITED STATES,United States of America,MI,Michigan,USA,840,US,PAHO,US,6798,8046,United States,5,26,North America,f,North America,37.09024,-95.712891,44.314844,-85.602364,Midwest,44.433333,-89.763333
US,UNITED STATES,United States of America,MN,Minnesota,USA,840,US,PAHO,US,6798,8130,United States,5,27,North America,f,North America,37.09024,-95.712891,46.729553,-94.6859,Central,46.025,-95.326667
US,UNITED STATES,United States of America,MO,Missouri,USA,840,US,PAHO,US,6798,8301,United States,7,29,North America,f,North America,37.09024,-95.712891,37.964253,-91.831833,Central,46.025,-95.326667
US,UNITED STATES,United States of America,MS,Mississippi,USA,840,US,PAHO,US,6798,8218,United States,4,28,North America,f,North America,37.09024,-95.712891,32.354668,-89.398528,Southeast,35.795,-86.621667
US,UNITED STATES,United States of America,MT,Montana,USA,840,US,PAHO,US,6798,8417,United States,8,30,North America,f,North America,37.09024,-95.712891,46.879682,-110.362566,Mountain,39.386667,-111.685
US,UNITED STATES,United States of America,NC,North Carolina,USA,840,US,PAHO,US,6798,8716,United States,4,37,North America,f,North America,37.09024,-95.712891,35.759573,-79.0193,Mid-Atlantic,39.441667,-77.371667
US,UNITED STATES,United States of America,ND,North Dakota,USA,840,US,PAHO,US,6798,8815,United States,8,38,North America,f,North America,37.09024,-95.712891,47.551493,-101.002012,Central,46.025,-95.326667
US,UNITED STATES,United States of America,NE,Nebraska,USA,840,US,PAHO,US,6798,8474,United States,7,31,North America,f,North America,37.09024,-95.712891,41.492537,-99.901813,Central,46.025,-95.326667
US,UNITED STATES,United States of America,NH,New Hampshire,USA,840,US,PAHO,US,6798,8586,United States,1,33,North America,f,North America,37.09024,-95.712891,43.193852,-71.572395,Northeast,42.965,-76.016667
US,UNITED STATES,United States of America,NJ,New Jersey,USA,840,US,PAHO,US,6798,8597,United States,2,34,North America,f,North America,37.09024,-95.712891,40.058324,-74.405661,Northeast,42.965,-76.016667
US,UNITED STATES,United States of America,NM,New Mexico,USA,840,US,PAHO,US,6798,8619,United States,6,35,North America,f,North America,37.09024,-95.712891,34.97273,-105.032363,Mountain,39.386667,-111.685
US,UNITED STATES,United States of America,NV,Nevada,USA,840,US,PAHO,US,6798,8568,United States,9,32,North America,f,North America,37.09024,-95.712891,38.80261,-116.419389,West,47.333333,-120.268333
US,UNITED STATES,United States of America,NY,New York,USA,840,US,PAHO,US,6798,8653,United States,2,36,North America,f,North America,37.09024,-95.712891,43.299428,-74.217933,Northeast,42.965,-76.016667
US,UNITED STATES,United States of America,OH,Ohio,USA,840,US,PAHO,US,6798,8869,United States,5,39,North America,f,North America,37.09024,-95.712891,40.417287,-82.907123,Midwest,44.433333,-89.763333
US,UNITED STATES,United States of America,OK,Oklahoma,USA,840,US,PAHO,US,6798,8958,United States,6,40,North America,f,North America,37.09024,-95.712891,35.007752,-97.092877,Central,46.025,-95.326667
US,UNITED STATES,United States of America,OR,Oregon,USA,840,US,PAHO,US,6798,9036,United States,10,41,North America,f,North America,37.09024,-95.712891,43.804133,-120.554201,West,47.333333,-120.268333
US,UNITED STATES,United States of America,PA,Pennsylvania,USA,840,US,PAHO,US,6798,9073,United States,3,42,North America,f,North America,37.09024,-95.712891,41.203322,-77.194525,Mid-Atlantic,39.441667,-77.371667
US,UNITED STATES,United States of America,RI,Rhode Island,USA,840,US,PAHO,US,6798,9141,United States,1,44,North America,f,North America,37.09024,-95.712891,41.580095,-71.477429,Northeast,42.965,-76.016667
US,UNITED STATES,United States of America,SC,South Carolina,USA,840,US,PAHO,US,6798,9147,United States,4,45,North America,f,North America,37.09024,-95.712891,33.836081,-81.163725,Mid-Atlantic,39.441667,-77.371667
US,UNITED STATES,United States of America,SD,South Dakota,USA,840,US,PAHO,US,6798,9194,United States,8,46,North America,f,North America,37.09024,-95.712891,43.969515,-99.901813,Central,46.025,-95.326667
US,UNITED STATES,United States of America,TN,Tennessee,USA,840,US,PAHO,US,6798,9261,United States,4,47,North America,f,North America,37.09024,-95.712891,35.517491,-86.580447,Southeast,35.795,-86.621667
US,UNITED STATES,United States of America,TX,Texas,USA,840,US,PAHO,US,6798,9357,United States,6,48,North America,f,North America,37.09024,-95.712891,31.968599,-99.901813,Mountain,39.386667,-111.685
US,UNITED STATES,United States of America,UT,Utah,USA,840,US,PAHO,US,6798,9612,United States,8,49,North America,f,North America,37.09024,-95.712891,39.32098,-111.093731,Mountain,39.386667,-111.685
US,UNITED STATES,United States of America,VA,Virginia,USA,840,US,PAHO,US,6798,9657,United States,3,51,North America,f,North America,37.09024,-95.712891,37.431573,-78.656894,Mid-Atlantic,39.441667,-77.371667
US,UNITED STATES,United States of America,VT,Vermont,USA,840,US,PAHO,US,6798,9642,United States,1,50,North America,f,North America,37.09024,-95.712891,44.558803,-72.577841,Northeast,42.965,-76.016667
US,UNITED STATES,United States of America,WA,Washington,USA,840,US,PAHO,US,6798,9791,United States,10,53,North America,f,North America,37.09024,-95.712891,47.751074,-120.740139,West,47.333333,-120.268333
US,UNITED STATES,United States of America,WI,Wisconsin,USA,840,US,PAHO,US,6798,9887,United States,5,55,North America,f,North America,37.09024,-95.712891,43.78444,-88.787868,Midwest,44.433333,-89.763333
US,UNITED STATES,United States of America,WV,West Virginia,USA,840,US,PAHO,US,6798,9831,United States,3,54,North America,f,North America,37.09024,-95.712891,38.597626,-80.454903,Mid-Atlantic,39.441667,-77.371667
US,UNITED STATES,United States of America,WY,Wyoming,USA,840,US,PAHO,US,6798,9960,United States,8,56,North America,f,North America,37.09024,-95.712891,43.075968,-107.290284,Mountain,39.386667,-111.685
AX,ALAND ISLANDS,Aland Islands,ALA,,ALA,248,,,EU,3070,,Aland Islands,,,Northern Europe,f,Europe,60.30663,20.42679,,,,,
AF,AFGHANISTAN,Afghanistan,AFG,,AFG,4,AF,EMRO,AS,1953,,Afghanistan,,,Southern Asia,f,Asia,33.93911,67.709953,,,,,
AL,ALBANIA,Albania,ALB,,ALB,8,AB,EURO,EU,3071,,Albania,,,Southern Europe,f,Europe,41.153332,20.168331,,,,,
DZ,ALGERIA,Algeria,DZA,,DZA,12,AA,AFRO,AF,1002,,Algeria,,,Northern Africa,f,Africa,28.033886,1.659626,,,,,
AS,AMERICAN SAMOA,American Samoa,ASM,,ASM,16,SM,WPRO,OC,9991,,American Samoa,9,60,Polynesia,f,Oceania,-14.270972,-170.132217,,,,,
AD,ANDORRA,Andorra,AND,,AND,20,,EURO,EU,3084,,Andorra,,,Southern Europe,f,Europe,42.546245,1.601554,,,,,
AO,ANGOLA,Angola,AGO,,AGO,24,,AFRO,AF,1051,,Angola,,,Middle Africa,f,Africa,-11.202692,17.873887,,,,,
AI,ANGUILLA,Anguilla,AIA,,AIA,660,AI,PAHO,SA,6441,,Anguilla,,,Caribbean,f,North America,18.220554,-63.068615,,,,,
AQ,ANTARCTICA,Antarctica,ATA,,ATA,10,AN,,OC,1946,,Antarctica,,,,f,,-75.250973,-0.071389,,,,,
AG,ANTIGUA AND BARBUDA,Antigua and Barbuda,ATG,,ATG,28,AT,PAHO,SA,6442,,Antigua and Barbuda,,,Caribbean,f,North America,17.060816,-61.796428,,,,,
AR,ARGENTINA,Argentina,ARG,,ARG,32,AG,PAHO,SA,10054,,Argentina,,,South America,f,South America,-38.416097,-63.616672,,,,,
AM,ARMENIA,Armenia,ARM,,ARM,51,AM,EURO,AS,1985,,Armenia,,,Western Asia,f,Asia,40.069099,45.038189,,,,,
AW,ARUBA,Aruba,ABW,,ABW,533,,PAHO,SA,6450,,Aruba,,,Caribbean,f,North America,12.52111,-69.968338,,,,,
AU,AUSTRALIA,Australia,AUS,,AUS,36,AS,WPRO,OC,9992,,Australia,,,Australia and New Zealand,f,Oceania,-25.274398,133.775136,,,,,
AT,AUSTRIA,Austria,AUT,,AUT,40,AU,EURO,EU,3092,,Austria,,,Western Europe,f,Europe,47.516231,14.550072,,,,,
AZ,AZERBAIJAN,Azerbaijan,AZE,,AZE,31,AE,EURO,AS,1997,,Azerbaijan,,,Western Asia,f,Asia,40.143105,47.576927,,,,,
BS,BAHAMAS,Bahamas,BHS,,BHS,44,BH,PAHO,SA,6451,,Bahamas,,,Caribbean,f,North America,25.03428,-77.39628,,,,,
BH,BAHRAIN,Bahrain,BHR,,BHR,48,BI,EMRO,AS,2069,,Bahrain,,,Western Asia,f,Asia,25.930414,50.637772,,,,,
BD,BANGLADESH,Bangladesh,BGD,,BGD,50,BA,SEARO,AS,2082,,Bangladesh,,,Southern Asia,f,Asia,23.684994,90.356331,,,,,
BB,BARBADOS,Barbados,BRB,,BRB,52,BB,PAHO,SA,6473,,Barbados,,,Caribbean,f,North America,13.193887,-59.543198,,,,,
BY,BELARUS,Belarus,BLR,,BLR,112,BS,EURO,EU,3102,,Belarus,,,Eastern Europe,f,Europe,53.709807,27.953389,,,,,
BE,BELGIUM,Belgium,BEL,,BEL,56,BE,EURO,EU,3110,,Belgium,,,Western Europe,f,Europe,50.503887,4.469936,,,,,
BZ,BELIZE,Belize,BLZ,,BLZ,84,BZ,PAHO,SA,6485,,Belize,,,Central America,f,North America,17.189877,-88.49765,,,,,
BJ,BENIN,Benin,BEN,,BEN,204,,AFRO,AF,1070,,Benin,,,Western Africa,f,Africa,9.30769,2.315834,,,,,
BM,BERMUDA,Bermuda,BMU,,BMU,60,BD,PAHO,SA,6492,,Bermuda,,,South America,f,North America,32.321384,-64.75737,,,,,
BT,BHUTAN,Bhutan,BTN,,BTN,64,BT,SEARO,AS,2087,,Bhutan,,,Southern Asia,f,Asia,27.514162,90.433601,,,,,
BO,"BOLIVIA, PLURINATIONIAL STATE OF",Bolivia,BOL,,BOL,68,BL,PAHO,SA,10079,,"Bolivia, Plurinationial State of",,,South America,f,South America,-16.290154,-63.588653,,,,,
BQ,"BONAIRE, SINT EUSTATIUS AND SABA","Bonaire, Sint Eustatius and Saba",BES,,BES,535,,PAHO,SA,,,,,,Caribbean,f,North America,12.1868118,-68.25411581,,,,,
BA,BOSNIA AND HERZEGOVINA,Bosnia and Herzegovina,BIH,,BIH,70,BO,EURO,EU,3123,,Bosnia and Herzegovina,,,Southern Europe,f,Europe,43.915886,17.679076,,,,,
BW,BOTSWANA,Botswana,BWA,,BWA,72,,AFRO,AF,1083,,Botswana,,,Southern Africa,f,Africa,-22.328474,24.684866,,,,,
BV,BOUVET ISLAND,Bouvet Island,BVT,,BVT,74,,,,1947,,Bouvet Island,,,,f,,-54.423199,3.413194,,,,,
BR,BRAZIL,Brazil,BRA,,BRA,76,BR,PAHO,SA,10182,,Brazil,,,South America,f,South America,-14.235004,-51.92528,,,,,
IO,BRITISH INDIAN OCEAN TERRITORY,British Indian Ocean Territory,IOT,,IOT,86,,,,2106,,British Indian Ocean Territory,,,,f,,-6.343194,71.876519,,,,,
VG,"VIRGIN ISLANDS, BRITISH",British Virgin Islands,VGB,,VGB,92,BV,PAHO,SA,6504,,British Virgin Islands,,,Caribbean,f,North America,18.420695,-64.639968,,,,,
BN,BRUNEI DARUSSALAM,Brunei Darussalam,BRN,,BRN,96,BN,WPRO,AS,2107,,Brunei,,,South-Eastern Asia,f,Asia,4.535277,114.727669,,,,,
BG,BULGARIA,Bulgaria,BGR,,BGR,100,BU,EURO,EU,3126,,Bulgaria,,,Eastern Europe,f,Europe,42.733883,25.48583,,,,,
BF,BURKINA FASO,Burkina Faso,BFA,,BFA,854,BK,AFRO,AF,1094,,Burkina Faso,,,Western Africa,f,Africa,12.238333,-1.561593,,,,,
BI,BURUNDI,Burundi,BDI,,BDI,108,,AFRO,AF,1140,,Burundi,,,Eastern Africa,f,Africa,-3.373056,29.918886,,,,,
CI,COTE D'IVOIRE,Cote d'Ivoire,CIV,,CIV,384,IV,AFRO,AF,1223,,Cote d'Ivoire,,,Western Africa,f,Africa,7.539989,-5.54708,,,,,
KH,CAMBODIA,Cambodia,KHM,,KHM,116,CB,WPRO,AS,2108,,Cambodia,,,South-Eastern Asia,f,Asia,12.565679,104.990963,,,,,
CM,CAMEROON,Cameroon,CMR,,CMR,120,CM,AFRO,AF,1157,,Cameroon,,,Middle Africa,f,Africa,7.369722,12.354722,,,,,
CA,CANADA,Canada,CAN,,CAN,124,CN,PAHO,NA,6505,,Canada,,,North America,f,North America,56.130366,-106.346771,,,,,
CV,CAPE VERDE,Cape Verde,CPV,,CPV,132,,AFRO,AF,1168,,Cape Verde,,,Western Africa,f,Africa,16.002082,-24.013197,,,,,
KY,CAYMAN ISLANDS,Cayman Islands,CYM,,CYM,136,CD,PAHO,SA,6519,,Cayman Islands,,,Caribbean,f,North America,19.513469,-80.566956,,,,,
CF,CENTRAL AFRICAN REPUBLIC,Central African Republic,CAF,,CAF,140,CE,AFRO,AF,1186,,Central African Republic,,,Middle Africa,f,Africa,6.611111,20.939444,,,,,
TD,CHAD,Chad,TCD,,TCD,148,,AFRO,AF,1204,,Chad,,,Middle Africa,f,Africa,15.454166,18.732207,,,,,
CL,CHILE,Chile,CHL,,CHL,152,CI,PAHO,SA,15309,,Chile,,,South America,f,South America,-35.675147,-71.542969,,,,,
CN,CHINA,China,CHN,,CHN,156,CH,WPRO,AS,2128,,China,,,Eastern Asia,f,Asia,35.86166,104.195397,,,,,
CX,CHRISTMAS ISLAND,Christmas Island,CXR,,CXR,162,,,,2160,,Christmas Island,,,Australia and New Zealand,f,,-10.447525,105.690449,,,,,
CC,COCOS (KEELING) ISLANDS,Cocos (Keeling) Islands,CCK,,CCK,166,,,,2161,,Cocos (Keeding) Islands,,,Australia and New Zealand,f,,-12.164165,96.870956,,,,,
CO,COLOMBIA,Colombia,COL,,COL,170,CL,PAHO,SA,15323,,Colombia,,,South America,f,South America,4.570868,-74.297333,,,,,
KM,COMOROS,Comoros,COM,,COM,174,,AFRO,AF,1219,,Comoros,,,Eastern Africa,f,Africa,-11.875001,43.872219,,,,,
CG,CONGO,Congo,COG,,COG,178,,AFRO,AF,1664,,"Congo, Republic of",,,Middle Africa,f,Africa,-0.228021,15.827659,,,,,
CK,COOK ISLANDS,Cook Islands,COK,,COK,184,,WPRO,OC,10001,,Cook Islands,,,Polynesia,f,Oceania,-21.236736,-159.777671,,,,,
CR,COSTA RICA,Costa Rica,CRI,,CRI,188,CS,PAHO,SA,6520,,Costa Rica,,,Central America,f,North America,9.748917,-83.753428,,,,,
HR,CROATIA,Croatia,HRV,,HRV,191,CR,EURO,EU,3417,,Croatia,,,Southern Europe,f,Europe,45.1,15.2,,,,,
CU,CUBA,Cuba,CUB,,CUB,192,CU,PAHO,SA,6528,,Cuba,,,Caribbean,f,North America,21.521757,-77.781167,,,,,
CW,CURACAO,Curacao,CUW,,CUW,531,,PAHO,SA,,,,,,Caribbean,f,North America,12.18316589,-68.9824259,,,,,
CY,CYPRUS,Cyprus,CYP,,CYP,196,CY,EURO,AS,3439,,Cyprus,,,Western Asia,f,Asia,35.126413,33.429859,,,,,
CZ,CZECH REPUBLIC,Czech Republic,CZE,,CZE,203,CK,EURO,EU,3446,,Czech Republic,,,Eastern Europe,f,Europe,49.817492,15.472962,,,,,
CD,"CONGO, THE DEMOCRATIC REPUBLIC OF THE",Democratic Republic of the Congo,COD,,COD,180,CG,AFRO,AF,1243,,"Congo, the Democatic Republic of",,,Middle Africa,f,Africa,-4.038333,21.758664,,,,,
DK,DENMARK,Denmark,DNK,,DNK,208,DN,EURO,EU,3538,,Denmark,,,Northern Europe,f,Europe,56.26392,9.501785,,,,,
DJ,DJIBOUTI,Djibouti,DJI,,DJI,262,DI,AFRO,AF,1256,,Djibouti,,,Eastern Africa,f,Africa,11.825138,42.590275,,,,,
DM,DOMINICA,Dominica,DMA,,DMA,212,DO,PAHO,SA,6544,,Dominica,,,Caribbean,f,North America,15.414999,-61.370976,,,,,
DO,DOMINICAN REPUBLIC,Dominican Republic,DOM,,DOM,214,DR,PAHO,SA,6555,,Dominican Republic,,,Caribbean,f,North America,18.735693,-70.162651,,,,,
EC,ECUADOR,Ecuador,ECU,,ECU,218,EC,PAHO,SA,15356,,Ecuador,,,South America,f,South America,-1.831239,-78.183406,,,,,
EG,EGYPT,Egypt,EGY,,EGY,818,EG,EMRO,AF,1263,,Egypt,,,Northern Africa,f,Africa,26.820553,30.802498,,,,,
SV,EL SALVADOR,El Salvador,SLV,,SLV,222,ES,PAHO,SA,6588,,El Salvador,,,Central America,f,North America,13.794185,-88.89653,,,,,
GQ,EQUATORIAL GUINEA,Equatorial Guinea,GNQ,,GNQ,226,,AFRO,AF,1290,,Equatorial Guinea,,,Middle Africa,f,Africa,1.650801,10.267895,,,,,
ER,ERITREA,Eritrea,ERI,,ERI,232,,AFRO,AF,1298,,Eritrea,,,Eastern Africa,f,Africa,15.179384,39.782334,,,,,
EE,ESTONIA,Estonia,EST,,EST,233,EO,EURO,EU,3640,,Estonia,,,Northern Europe,f,Europe,58.595272,25.013607,,,,,
ET,ETHIOPIA,Ethiopia,ETH,,ETH,231,ET,AFRO,AF,1305,,Ethiopia,,,Eastern Africa,f,Africa,9.145,40.489673,,,,,
FO,FAROE ISLANDS,Faeroe Islands,FRO,,FRO,234,,,EU,3656,,Faroe Islands,,,Northern Europe,f,Europe,61.892635,-6.911806,,,,,
FK,FALKLAND ISLANDS (MALVINAS),Falkland Islands (Malvinas),FLK,,FLK,238,,,SA,15379,,Falkland Islands (Islas Malvinas),,,South America,f,South America,-51.796253,-59.523613,,,,,
FJ,FIJI,Fiji,FJI,,FJI,242,FJ,WPRO,OC,10004,,Fiji,,,Melanesia,f,Oceania,-16.578193,179.414413,,,,,
FI,FINLAND,Finland,FIN,,FIN,246,FI,EURO,EU,3658,,Finland,,,Northern Europe,f,Europe,61.92411,25.748151,,,,,
FR,FRANCE,France,FRA,,FRA,250,FR,EURO,EU,3665,,France,,,Western Europe,f,Europe,46.227638,2.213749,,,,,
GF,FRENCH GUIANA,French Guiana,GUF,,GUF,254,FG,PAHO,SA,15380,,French Guiana,,,South America,f,South America,3.933889,-53.125782,,,,,
PF,FRENCH POLYNESIA,French Polynesia,PYF,,PYF,258,,WPRO,OC,10010,,French Polynesia,,,Polynesia,f,Oceania,-17.679742,-149.406843,,,,,
TF,FRENCH SOUTHERN TERRITORIES,French Southern Territories,ATF,,ATF,260,,,,1948,,French Southern Territories,,,,f,,-49.280366,69.348557,,,,,
GA,GABON,Gabon,GAB,,GAB,266,GB,AFRO,AF,1318,,Gabon,,,Middle Africa,f,Africa,-0.803689,11.609444,,,,,
GM,GAMBIA,Gambia,GMB,,GMB,270,,AFRO,AF,1328,,Gambia,,,Western Africa,f,Africa,13.443182,-15.310139,,,,,
GE,GEORGIA,Georgia,GEO,,GEO,268,GO,EURO,AS,2162,,Georgia,,,Western Asia,f,Asia,42.315407,43.356892,,,,,
DE,GERMANY,Germany,DEU,,DEU,276,GE,EURO,EU,3784,,Germany,,,Western Europe,f,Europe,51.165691,10.451526,,,,,
GH,GHANA,Ghana,GHA,,GHA,288,GH,AFRO,AF,1335,,Ghana,,,Western Africa,f,Africa,7.946527,-1.023194,,,,,
GI,GIBRALTAR,Gibraltar,GIB,,GIB,292,,,EU,3823,,Gibraltar,,,Southern Europe,f,Europe,36.137741,-5.345374,,,,,
GR,GREECE,Greece,GRC,,GRC,300,GR,EURO,EU,3824,,Greece,,,Southern Europe,f,Europe,39.074208,21.824312,,,,,
GL,GREENLAND,Greenland,GRL,,GRL,304,,,NA,6603,,Greenland,,,North America,f,North America,71.706936,-42.604303,,,,,
GD,GRENADA,Grenada,GRD,,GRD,308,GN,PAHO,SA,6604,,Grenada,,,Caribbean,f,North America,12.262776,-61.604171,,,,,
GP,GUADELOUPE,Guadeloupe,GLP,,GLP,312,GL,PAHO,SA,6611,,Guadeloupe,,,Caribbean,f,North America,16.995971,-62.067641,,,,,
GU,GUAM,Guam,GUM,,GUM,316,GQ,WPRO,OC,10011,,Guam,9,66,Micronesia,f,Oceania,13.444304,144.793731,,,,,
GT,GUATEMALA,Guatemala,GTM,,GTM,320,GT,PAHO,SA,6612,,Guatemala,,,Central America,f,North America,15.783471,-90.230759,,,,,
GG,GUERNSEY,Guernsey,GGY,,GGY,831,,,EU,3877,,Guernsey,,,Northern Europe,f,Europe,49.465691,-2.585278,,,,,
GN,GUINEA,Guinea,GIN,,GIN,324,,AFRO,AF,1346,,Guinea,,,Western Africa,f,Africa,9.945587,-9.696645,,,,,
GW,GUINEA-BISSAU,Guinea-Bissau,GNB,,GNB,624,,AFRO,AF,1381,,Guinea-Bissau,,,Western Africa,f,Africa,11.803749,-15.180413,,,,,
GY,GUYANA,Guyana,GUY,,GUY,328,GU,PAHO,SA,15381,,Guyana,,,South America,f,South America,4.860416,-58.93018,,,,,
HT,HAITI,Haiti,HTI,,HTI,332,HA,PAHO,SA,6635,,Haiti,,,Caribbean,f,North America,18.971187,-72.285215,,,,,
HM,HEARD ISLAND AND MCDONALD ISLANDS,Heard Island and Mcdonald Islands,HMD,,HMD,334,,,,1950,,Heard Island and McDonald Islands,,,,f,,-53.08181,73.504158,,,,,
VA,HOLY SEE (VATICAN CITY STATE),Holy See,VAT,,VAT,336,,,EU,6438,,Holy See (Vatican City State),,,Southern Europe,f,Europe,41.902916,12.453389,,,,,
HN,HONDURAS,Honduras,HND,,HND,340,HO,PAHO,SA,6645,,Honduras,,,Central America,f,North America,15.199999,-86.241905,,,,,
HK,HONG KONG,Hong Kong,HKG,,HKG,344,HK,WPRO,AS,2227,,Hong Kong (SAR),,,Eastern Asia,f,Asia,22.396428,114.109497,,,,,
HU,HUNGARY,Hungary,HUN,,HUN,348,HU,EURO,EU,3878,,Hungary,,,Eastern Europe,f,Europe,47.162494,19.503304,,,,,
IS,ICELAND,Iceland,ISL,,ISL,352,IC,EURO,EU,3920,,Iceland,,,Northern Europe,f,Europe,64.963051,-19.020835,,,,,
IN,INDIA,India,IND,,IND,356,II,SEARO,AS,2228,,India,,,Southern Asia,f,Asia,20.593684,78.96288,,,,,
ID,INDONESIA,Indonesia,IDN,,IDN,360,DJ,SEARO,AS,2264,,Indonesia,,,South-Eastern Asia,f,Asia,-0.789275,113.921327,,,,,
IR,"IRAN, ISLAMIC REPUBLIC OF",Iran,IRN,,IRN,364,IM,EMRO,AS,2298,,"Iran, Islamic Republic of",,,Southern Asia,f,Asia,32.427908,53.688046,,,,,
IQ,IRAQ,Iraq,IRQ,,IRQ,368,IQ,EMRO,AS,2330,,Iraq,,,Western Asia,f,Asia,33.223191,43.679291,,,,,
IE,IRELAND,Ireland,IRL,,IRL,372,IR,EURO,EU,3929,,Ireland,,,Northern Europe,f,Europe,53.41291,-8.24389,,,,,
IM,ISLE OF MAN,Isle of Man,IMN,,IMN,833,,,EU,3956,,Isle of Man,,,Northern Europe,f,Europe,54.236107,-4.548056,,,,,
IL,ISRAEL,Israel,ISR,,ISR,376,IS,EURO,AS,2349,,Israel,,,Western Asia,f,Asia,31.046051,34.851612,,,,,
IT,ITALY,Italy,ITA,,ITA,380,IT,EURO,EU,3957,,Italy,,,Southern Europe,f,Europe,41.87194,12.56738,,,,,
JM,JAMAICA,Jamaica,JAM,,JAM,388,JM,PAHO,SA,6664,,Jamaica,,,Caribbean,f,North America,18.109581,-77.297508,,,,,
JP,JAPAN,Japan,JPN,,JPN,392,JA,WPRO,AS,2356,,Japan,,,Eastern Asia,f,Asia,36.204824,138.252924,,,,,
JE,JERSEY,Jersey,JEY,,JEY,832,,,EU,4084,,Jersey,,,Northern Europe,f,Europe,49.214439,-2.13125,,,,,
JO,JORDAN,Jordan,JOR,,JOR,400,JO,EMRO,AS,2404,,Jordan,,,Western Asia,f,Asia,30.585164,36.238414,,,,,
KZ,KAZAKHSTAN,Kazakhstan,KAZ,,KAZ,398,KA,EURO,AS,2415,,Kazakhstan,,,Central Asia,f,Asia,48.019573,66.923684,,,,,
KE,KENYA,Kenya,KEN,,KEN,404,KN,AFRO,AF,1391,,Kenya,,,Eastern Africa,f,Africa,-0.023559,37.906193,,,,,
KI,KIRIBATI,Kiribati,KIR,,KIR,296,,WPRO,OC,10012,,Kiribati,,,Micronesia,f,Oceania,-3.370417,-168.734039,,,,,
KW,KUWAIT,Kuwait,KWT,,KWT,414,KW,EMRO,AS,2434,,Kuwait,,,Western Asia,f,Asia,29.31166,47.481766,,,,,
KG,KYRGYZSTAN,Kyrgyzstan,KGZ,,KGZ,417,KR,EURO,AS,2441,,Kyrgyzstan,,,Central Asia,f,Asia,41.20438,74.766098,,,,,
LA,LAO PEOPLE'S DEMOCRATIC REPUBLIC,Laos,LAO,,LAO,418,LO,WPRO,AS,2450,,"Lao, People's Democratic Republic",,,South-Eastern Asia,f,Asia,19.85627,102.495496,,,,,
LV,LATVIA,Latvia,LVA,,LVA,428,LV,EURO,EU,4086,,Latvia,,,Northern Europe,f,Europe,56.879635,24.603189,,,,,
LB,LEBANON,Lebanon,LBN,,LBN,422,LB,EMRO,AS,2468,,Lebanon,,,Western Asia,f,Asia,33.854721,35.862285,,,,,
LS,LESOTHO,Lesotho,LSO,,LSO,426,,AFRO,AF,1400,,Lesotho,,,Southern Africa,f,Africa,-29.609988,28.233608,,,,,
LR,LIBERIA,Liberia,LBR,,LBR,430,LI,AFRO,AF,1411,,Liberia,,,Western Africa,f,Africa,6.428055,-9.429499,,,,,
LY,LIBYA,Libya,LBY,,LBY,434,,EMRO,AF,1427,,Libyan Arab Jamahiriya,,,Northern Africa,f,Africa,26.3351,17.228331,,,,,
LI,LIECHTENSTEIN,Liechtenstein,LIE,,LIE,438,,,,4117,,Liechtenstein,,,Western Europe,f,Europe,47.166,9.555373,,,,,
LT,LITHUANIA,Lithuania,LTU,,LTU,440,LU,EURO,EU,4129,,Lithuania,,,Northern Europe,f,Europe,55.169438,23.881275,,,,,
LU,LUXEMBOURG,Luxembourg,LUX,,LUX,442,LX,EURO,EU,4140,,Luxembourg,,,Western Europe,f,Europe,49.815273,6.129583,,,,,
MO,MACAO,Macao,MAC,,MAC,446,MH,WPRO,AS,2477,,Macao,,,Eastern Asia,f,Asia,22.198745,113.543873,,,,,
MK,"MACEDONIA, THE FORMER YUGOSLAV REPUBLIC OF",Macedonia,MKD,,MKD,807,YU,EURO,EU,4144,,"Macedonia, the former Yogoslav Republic of",,,Southern Europe,f,Europe,41.608635,21.745275,,,,,
MG,MADAGASCAR,Madagascar,MDG,,MDG,450,MP,AFRO,AF,1476,,Madagascar,,,Eastern Africa,f,Africa,-18.766947,46.869107,,,,,
MW,MALAWI,Malawi,MWI,,MWI,454,MW,AFRO,AF,1483,,Malawi,,,Eastern Africa,f,Africa,-13.254308,34.301525,,,,,
MY,MALAYSIA,Malaysia,MYS,,MYS,458,MY,WPRO,AS,2480,,Malaysia,,,South-Eastern Asia,f,Asia,4.210484,101.975766,,,,,
MV,MALDIVES,Maldives,MDV,,MDV,462,MV,SEARO,AS,2497,,Maldives,,,Southern Asia,f,Asia,3.202778,73.22068,,,,,
ML,MALI,Mali,MLI,,MLI,466,ML,AFRO,AF,1511,,Mali,,,Western Africa,f,Africa,17.570692,-3.996166,,,,,
MT,MALTA,Malta,MLT,,MLT,470,,EURO,,4268,,Malta,,,Southern Europe,f,Europe,35.937496,14.375416,,,,,
MH,MARSHALL ISLANDS,Marshall Islands,MHL,,MHL,584,MR,WPRO,OC,10013,,Marshall Islands,9,,Micronesia,f,Oceania,7.131474,171.184478,,,,,
MQ,MARTINIQUE,Martinique,MTQ,,MTQ,474,MQ,PAHO,SA,6679,,Martinique,,,Caribbean,f,North America,14.641528,-61.024174,,,,,
MR,MAURITANIA,Mauritania,MRT,,MRT,478,,AFRO,AF,1521,,Mauritania,,,Western Africa,f,Africa,21.00789,-10.940835,,,,,
MU,MAURITIUS,Mauritius,MUS,,MUS,480,MU,AFRO,AF,1535,,Mauritius,,,Eastern Africa,f,Africa,-20.348404,57.552152,,,,,
YT,MAYOTTE,Mayotte,MYT,,MYT,175,,,AF,1548,,Mayotte,,,Eastern Africa,f,Africa,-12.8275,45.166244,,,,,
MX,MEXICO,Mexico,MEX,,MEX,484,MX,PAHO,SA,6680,,Mexico,,,Central America,f,North America,23.634501,-102.552784,,,,,
FM,"MICRONESIA, FEDERATED STATES OF","Micronesia, Federated States of",FSM,,FSM,583,PI,WPRO,OC,10014,,"Micronesia, Federated States of",9,,Micronesia,f,Oceania,7.425554,150.550812,,,,,
MD,"MOLDOVA, REPUBLIC OF",Moldova,MDA,,MDA,498,,EURO,EU,4269,,"Moldova, Republic of",,,Eastern Europe,f,Europe,47.411631,28.369885,,,,,
MC,MONACO,Monaco,MCO,,MCO,492,,EURO,,4309,,Monaco,,,Western Europe,f,Europe,43.750298,7.412841,,,,,
MN,MONGOLIA,Mongolia,MNG,,MNG,496,MG,WPRO,AS,2518,,Mongolia,,,Eastern Asia,f,Asia,46.862496,103.846656,,,,,
ME,MONTENEGRO,Montenegro,MNE,,MNE,499,MM,EURO,EU,4310,,Montenegro,,,Southern Europe,f,Europe,42.708678,19.37439,,,,,
MS,MONTSERRAT,Montserrat,MSR,,MSR,500,MZ,PAHO,SA,6713,,Montserrat,,,Caribbean,f,North America,16.742498,-62.187366,,,,,
MA,MOROCCO,Morocco,MAR,,MAR,504,MC,EMRO,AF,1549,,Morocco,,,Northern Africa,f,Africa,31.791702,-7.09262,,,,,
MZ,MOZAMBIQUE,Mozambique,MOZ,,MOZ,508,MB,AFRO,AF,1565,,Mozambique,,,Eastern Africa,f,Africa,-18.665695,35.529562,,,,,
MM,MYANMAR,Myanmar,MMR,,MMR,104,BM,SEARO,AS,2541,,Myanmar,,,South-Eastern Asia,f,Asia,21.913965,95.956223,,,,,
NA,NAMIBIA,Namibia,NAM,,NAM,516,,AFRO,AF,1577,,Namibia,,,Southern Africa,f,Africa,-22.95764,18.49041,,,,,
NR,NAURU,Nauru,NRU,,NRU,520,,WPRO,OC,10019,,Nauru,,,Micronesia,f,Oceania,-0.522778,166.931503,,,,,
NP,NEPAL,Nepal,NPL,,NPL,524,NP,SEARO,AS,2556,,Nepal,,,Southern Asia,f,Asia,28.394857,84.124008,,,,,
NL,NETHERLANDS,Netherlands,NLD,,NLD,528,NT,EURO,EU,4312,,Netherlands,,,Western Europe,f,Europe,52.132633,5.291266,,,,,
AN,NETHERLANDS ANTILLES,Netherlands Antilles,ANT,,ANT,530,,,SA,6717,,Netherlands Antilles,,,,t,South America,12.226079,-69.060087,,,,,
NC,NEW CALEDONIA,New Caledonia,NCL,,NCL,540,NW,WPRO,OC,10020,,New Caledonia,,,Melanesia,f,Oceania,-20.904305,165.618042,,,,,
NZ,NEW ZEALAND,New Zealand,NZL,,NZL,554,NZ,WPRO,OC,10021,,New Zealand,,,Australia and New Zealand,f,Oceania,-40.900557,174.885971,,,,,
NI,NICARAGUA,Nicaragua,NIC,,NIC,558,NU,PAHO,SA,6718,,Nicaragua,,,Central America,f,North America,12.865416,-85.207229,,,,,
NE,NIGER,Niger,NER,,NER,562,NG,AFRO,AF,1615,,Niger,,,Western Africa,f,Africa,17.607789,8.081666,,,,,
NG,NIGERIA,Nigeria,NGA,,NGA,566,NI,AFRO,AF,1625,,Nigeria,,,Western Africa,f,Africa,9.081999,8.675277,,,,,
NU,NIUE,Niue,NIU,,NIU,570,,WPRO,OC,10037,,Niue,,,Polynesia,f,Oceania,-19.054445,-169.867233,,,,,
NF,NORFOLK ISLAND,Norfolk Island,NFK,,NFK,574,,,OC,10038,,Norfolk Island,,,Australia and New Zealand,f,Oceania,-29.040835,167.954712,,,,,
KP,"KOREA, DEMOCRATIC PEOPLE'S REPUBLIC OF",North Korea,PRK,,PRK,408,,SEARO,AS,2558,,"Korea, Democratic People's Republic of",,,Eastern Asia,f,Asia,40.339852,127.510093,,,,,
MP,NORTHERN MARIANA ISLANDS,Northern Mariana Islands,MNP,,MNP,580,SS,WPRO,OC,10039,,Northern Mariana Islands,9,69,Micronesia,f,Oceania,17.33083,145.38469,,,,,
NO,NORWAY,Norway,NOR,,NOR,578,NR,EURO,EU,4749,,Norway,,,Northern Europe,f,Europe,60.472024,8.468946,,,,,
OM,OMAN,Oman,OMN,,OMN,512,OM,EMRO,AS,2572,,Oman,,,Western Asia,f,Asia,21.512583,55.923255,,,,,
PK,PAKISTAN,Pakistan,PAK,,PAK,586,PK,EMRO,AS,2580,,Pakistan,,,Southern Asia,f,Asia,30.375321,69.345116,,,,,
PW,PALAU,Palau,PLW,,PLW,585,PU,WPRO,OC,10040,,Palau,9,,Micronesia,f,Oceania,7.51498,134.58252,,,,,
PA,PANAMA,Panama,PAN,,PAN,591,PN,PAHO,SA,6736,,Panama,,,Central America,f,North America,8.537981,-80.782127,,,,,
PZ,PANAMA CANAL ZONE,Panama Canal Zone,PCZ,,PCZ,594,CZ,PAHO,SA,,,,,,Central America,t,North America,8.537981,-80.782127,,,,,
PG,PAPUA NEW GUINEA,Papua New Guinea,PNG,,PNG,598,PP,WPRO,OC,10041,,Papua New Guinea,,,Melanesia,f,Oceania,-6.314993,143.95555,,,,,
PY,PARAGUAY,Paraguay,PRY,,PRY,600,PY,PAHO,SA,15392,,Paraguay,,,South America,f,South America,-23.442503,-58.443832,,,,,
PE,PERU,Peru,PER,,PER,604,PE,PAHO,SA,15411,,Peru,,,South America,f,South America,-9.189967,-75.015152,,,,,
PH,PHILIPPINES,Philippines,PHL,,PHL,608,PH,WPRO,AS,2591,,Philippines,,,South-Eastern Asia,f,Asia,12.879721,121.774017,,,,,
PN,PITCAIRN,Pitcairn,PCN,,PCN,612,,WPRO,OC,10043,,Pitcairn,,,Polynesia,f,Oceania,-24.703615,-127.439308,,,,,
PL,POLAND,Poland,POL,,POL,616,PL,EURO,EU,5201,,Poland,,,Eastern Europe,f,Europe,51.919438,19.145136,,,,,
PT,PORTUGAL,Portugal,PRT,,PRT,620,PO,EURO,EU,5218,,Portugal,,,Southern Europe,f,Europe,39.399872,-8.224454,,,,,
PR,PUERTO RICO,Puerto Rico,PRI,,PRI,630,PR,PAHO,US,6747,,Puerto Rico,2,72,Caribbean,f,North America,18.220833,-66.590149,,,Southeast,35.795,-86.621667
QA,QATAR,Qatar,QAT,,QAT,634,QA,EMRO,AS,2724,,Qatar,,,Western Asia,f,Asia,25.354826,51.183884,,,,,
RE,REUNION,Reunion,REU,,REU,638,,,AF,1676,,Reunion,,,Eastern Africa,f,Africa,-21.115141,55.536384,,,,,
RO,ROMANIA,Romania,ROU,,ROU,642,RO,EURO,EU,5239,,Romania,,,Eastern Europe,f,Europe,45.943161,24.96676,,,,,
RU,RUSSIAN FEDERATION,Russian Federation,RUS,,RUS,643,UR,EURO,EU,5283,,Russian Federation,,,Eastern Europe,f,Europe,61.52401,105.318756,,,,,
RW,RWANDA,Rwanda,RWA,,RWA,646,RW,AFRO,AF,1677,,Rwanda,,,Eastern Africa,f,Africa,-1.940278,29.873888,,,,,
BL,SAINT BARTHELEMY,Saint Barthelemy,BLM,,BLM,652,,PAHO,SA,,,,,,Caribbean,f,North America,17.91755923,-62.83557915,,,,,
SH,"SAINT HELENA, ASCENSION AND TRISTAN DA CUNHA","Saint Helena, Ascension and Tristan da Cunha",SHN,,SHN,654,,,AF,1693,,"Saint Helena, Ascension and Tristan da Cunha",,,Western Africa,f,Africa,-24.143474,-10.030696,,,,,
KN,SAINT KITTS AND NEVIS,Saint Kitts and Nevis,KNA,,KNA,659,SK,PAHO,SA,6748,,"Saint Kitts and Nevis, Federation of",,,Caribbean,f,North America,17.357822,-62.782998,,,,,
LC,SAINT LUCIA,Saint Lucia,LCA,,LCA,662,ST,PAHO,SA,6763,,Saint Lucia,,,Caribbean,f,North America,13.909444,-60.978893,,,,,
MF,SAINT MARTIN (FRENCH PART),Saint Martin (French part),MAF,,MAF,663,SX,PAHO,SA,15495,,Saint Martin (French Part),,,Caribbean,f,North America,18.09162714,-63.04936775,,,,,
PM,SAINT PIERRE AND MIQUELON,Saint Pierre and Miquelon,SPM,,SPM,666,,,NA,6775,,Saint Pierre and Miquelon,,,North America,f,North America,46.941936,-56.27111,,,,,
VC,SAINT VINCENT AND THE GRENADINES,Saint Vincent and the Grenadines,VCT,,VCT,670,SF,PAHO,SA,6776,,Saint Vincent and the Grenadines,,,Caribbean,f,North America,12.984305,-61.287228,,,,,
WS,SAMOA,Samoa,WSM,,WSM,882,,WPRO,OC,10044,,Samoa,,,Polynesia,f,Oceania,-13.759029,-172.104629,,,,,
SM,SAN MARINO,San Marino,SMR,,SMR,674,,EURO,,5373,,San Marino,,,Southern Europe,f,Europe,43.94236,12.457777,,,,,
ST,SAO TOME AND PRINCIPE,Sao Tome and Principe,STP,,STP,678,,AFRO,AF,1694,,Sao Tome and Principe,,,Middle Africa,f,Africa,0.18636,6.613081,,,,,
SA,SAUDI ARABIA,Saudi Arabia,SAU,,SAU,682,SR,EMRO,AS,2735,,Saudi Arabia,,,Western Asia,f,Asia,23.885942,45.079162,,,,,
SN,SENEGAL,Senegal,SEN,,SEN,686,SE,AFRO,AF,1696,,Senegal,,,Western Africa,f,Africa,14.497401,-14.452362,,,,,
RS,SERBIA,Serbia,SRB,,SRB,688,SB,EURO,EU,5383,,Serbia,,,Southern Europe,f,Europe,44.016521,21.005859,,,,,
SC,SEYCHELLES,Seychelles,SYC,,SYC,690,SH,AFRO,AF,1708,,Seychelles,,,Eastern Africa,f,Africa,-4.679574,55.491977,,,,,
SL,SIERRA LEONE,Sierra Leone,SLE,,SLE,694,SG,AFRO,AF,1735,,Sierra Leone,,,Western Africa,f,Africa,8.460555,-11.779889,,,,,
SG,SINGAPORE,Singapore,SGP,,SGP,702,SN,WPRO,AS,2749,,Singapore,,,South-Eastern Asia,f,Asia,1.352083,103.819836,,,,,
SX,SINT MAARTEN (DUTCH PART),Sint Maarten (Dutch part),SXM,,SXM,534,,PAHO,SA,,,,,,Caribbean,f,North America,18.042480,-63.054830,,,,,
SK,SLOVAKIA,Slovakia,SVK,,SVK,703,SV,EURO,EU,5387,,Slovakia,,,Eastern Europe,f,Europe,48.669026,19.699024,,,,,
SI,SLOVENIA,Slovenia,SVN,,SVN,705,SO,EURO,EU,5396,,Slovenia,,,Southern Europe,f,Europe,46.151241,14.995463,,,,,
SB,SOLOMON ISLANDS,Solomon Islands,SLB,,SLB,90,SI,WPRO,OC,10045,,Solomon Islands,,,Melanesia,f,Oceania,-9.64571,160.156194,,,,,
SO,SOMALIA,Somalia,SOM,,SOM,706,,EMRO,AF,1740,,Somalia,,,Eastern Africa,f,Africa,5.152149,46.199616,,,,,
ZA,SOUTH AFRICA,South Africa,ZAF,,ZAF,710,SA,AFRO,AF,1759,,South Africa,,,Southern Africa,f,Africa,-30.559482,22.937506,,,,,
GS,SOUTH GEORGIA AND THE SOUTH SANDWICH ISLANDS,South Georgia and the South Sandwich Islands,SGS,,SGS,239,,,,1951,,South Georgia and the South Sandwich Islands,,,,f,,-54.429579,-36.587909,,,,,
KR,"KOREA, REPUBLIC OF",South Korea,KOR,,KOR,410,KO,WPRO,AS,2750,,"Korea, Republic of",,,Eastern Asia,f,Asia,35.907757,127.766922,,,,,
SS,SOUTH SUDAN,South Sudan,SSD,,SSD,728,,EMRO,AF,,,,,,Eastern Africa,f,Africa,6.876992,31.306978,,,,,
ES,SPAIN,Spain,ESP,,ESP,724,SP,EURO,EU,5590,,Spain,,,Southern Europe,f,Europe,40.463667,-3.74922,,,,,
LK,SRI LANKA,Sri Lanka,LKA,,LKA,144,SL,SEARO,AS,15494,,Sri Lanka,,,Southern Asia,f,Asia,7.873054,80.771797,,,,,
PS,"PALESTINE, STATE OF",State of Palestine,PSE,,PSE,275,,EMRO,AS,2588,,"Palestinian Territory, Occupied",,,Western Asia,f,Asia,31.952162,35.233154,,,,,
SD,SUDAN,Sudan,SDN,,SDN,736,SQ,EMRO,AF,1769,,Sudan,,,Northern Africa,f,Africa,12.862807,30.217636,,,,,
SR,SURINAME,Suriname,SUR,,SUR,740,SU,PAHO,SA,15437,,Suriname,,,South America,f,South America,3.919305,-56.027783,,,,,
SJ,SVALBARD AND JAN MAYEN,Svalbard and Jan Mayen Islands,SJM,,SJM,744,,,EU,5657,,Svalbard and Jan Mayen,,,Northern Europe,f,Europe,77.553604,23.670272,,,,,
SZ,SWAZILAND,Swaziland,SWZ,,SWZ,748,,AFRO,AF,1802,,Swaziland,,,Southern Africa,f,Africa,-26.522503,31.465866,,,,,
SE,SWEDEN,Sweden,SWE,,SWE,752,SW,EURO,EU,5658,,Sweden,,,Northern Europe,f,Europe,60.128161,18.643501,,,,,
CH,SWITZERLAND,Switzerland,CHE,,CHE,756,SZ,EURO,EU,5969,,Switzerland,,,Western Europe,f,Europe,46.818188,8.227512,,,,,
SY,SYRIAN ARAB REPUBLIC,Syria,SYR,,SYR,760,SY,EMRO,AS,2767,,Syrian Arab Republic,,,Western Asia,f,Asia,34.802075,38.996815,,,,,
TW,"TAIWAN, PROVINCE OF CHINA",Taiwan,TWN,,TWN,158,TW,WPRO,AS,2782,,"Taiwan, Province of China",,,Eastern Asia,f,Asia,23.69781,120.960515,,,,,
TJ,TAJIKISTAN,Tajikistan,TJK,,TJK,762,,EURO,AS,2787,,Tajikistan,,,Central Asia,f,Asia,38.861034,71.276093,,,,,
TH,THAILAND,Thailand,THA,,THA,764,TH,SEARO,AS,2793,,Thailand,,,South-Eastern Asia,f,Asia,15.870032,100.992541,,,,,
TL,TIMOR-LESTE,Timor-Leste,TLS,,TLS,626,,SEARO,,10002,,East Timor,,,South-Eastern Asia,f,Asia,-8.874217,125.727539,,,,,
TG,TOGO,Togo,TGO,,TGO,768,TO,AFRO,AF,1834,,Togo,,,Western Africa,f,Africa,8.619543,0.824782,,,,,
TK,TOKELAU,Tokelau,TKL,,TKL,772,,WPRO,OC,10047,,Tokelau,,,Polynesia,f,Oceania,-8.967363,-171.855881,,,,,
TO,TONGA,Tonga,TON,,TON,776,TG,WPRO,OC,10048,,Tonga,,,Polynesia,f,Oceania,-21.178986,-175.198242,,,,,
TT,TRINIDAD AND TOBAGO,Trinidad and Tobago,TTO,,TTO,780,TD,PAHO,SA,6783,,Trinidad and Tobago,,,Caribbean,f,North America,10.691803,-61.222503,,,,,
TN,TUNISIA,Tunisia,TUN,,TUN,788,TI,EMRO,AF,1840,,Tunisia,,,Northern Africa,f,Africa,33.886917,9.537499,,,,,
TR,TURKEY,Turkey,TUR,,TUR,792,TU,EURO,AS,2873,,Turkey,,,Western Asia,f,Asia,38.963745,35.243322,,,,,
TM,TURKMENISTAN,Turkmenistan,TKM,,TKM,795,,EURO,AS,2955,,Turkmenistan,,,Central Asia,f,Asia,38.969719,59.556278,,,,,
TC,TURKS AND CAICOS ISLANDS,Turks and Caicos Islands,TCA,,TCA,796,TC,PAHO,SA,6796,,Turks and Caicos Islands,,,Caribbean,f,North America,21.694025,-71.797928,,,,,
TV,TUVALU,Tuvalu,TUV,,TUV,798,,WPRO,OC,10049,,Tuvalu,,,Polynesia,f,Oceania,-7.109535,177.64933,,,,,
UG,UGANDA,Uganda,UGA,,UGA,800,UG,AFRO,AF,1866,,Uganda,,,Eastern Africa,f,Africa,1.373333,32.290275,,,,,
UA,UKRAINE,Ukraine,UKR,,UKR,804,UA,EURO,EU,6180,,Ukraine,,,Eastern Europe,f,Europe,48.379433,31.16558,,,,,
AE,UNITED ARAB EMIRATES,United Arab Emirates,ARE,,ARE,784,UE,EMRO,AS,2961,,United Arab Emirates,,,Western Asia,f,Asia,23.424076,53.847818,,,,,
GB,UNITED KINGDOM,United Kingdom,GBR,,GBR,826,UK,EURO,EU,6208,,United Kingdom,,,Northern Europe,f,Europe,55.378051,-3.435973,,,,,
TZ,"TANZANIA, UNITED REPUBLIC OF",United Republic of Tanzania,TZA,,TZA,834,TZ,AFRO,AF,1807,,"Tanzania, United Republic of",,,Eastern Africa,f,Africa,-6.369028,34.888822,,,,,
UM,UNITED STATES MINOR OUTLYING ISLANDS,United States Minor Outlying Islands,UMI,,UMI,581,,,OC,10050,,United States Minor Outlying Islands,,74,,f,Oceania,7.790854167,-167.7918981,,,,,
US,UNITED STATES,United States of America,USA,,USA,840,US,PAHO,US,6798,,United States,,,North America,f,North America,37.09024,-95.712891,,,,,
VI,"VIRGIN ISLANDS, U.S.",United States Virgin Islands,VIR,,VIR,850,VI,PAHO,US,6797,,Virgin Islands,2,78,Caribbean,f,North America,18.335765,-64.896335,,,,,
UY,URUGUAY,Uruguay,URY,,URY,858,UY,PAHO,SA,15448,,Uruguay,,,South America,f,South America,-32.522779,-55.765835,,,,,
UZ,UZBEKISTAN,Uzbekistan,UZB,,UZB,860,UZ,EURO,AS,2969,,Uzbekistan,,,Central Asia,f,Asia,41.377491,64.585262,,,,,
VU,VANUATU,Vanuatu,VUT,,VUT,548,,WPRO,OC,10051,,Vanuatu,,,Melanesia,f,Oceania,-15.376706,166.959158,,,,,
VE,"VENEZUELA, BOLIVARIAN REPUBLIC OF",Venezuela,VEN,,VEN,862,VE,PAHO,SA,15468,,"Venezuela, Bolivarian Republic of",,,South America,f,South America,6.42375,-66.58973,,,,,
VN,VIET NAM,Viet Nam,VNM,,VNM,704,VN,WPRO,AS,2984,,Vietnam,,,South-Eastern Asia,f,Asia,14.058324,108.277199,,,,,
WF,WALLIS AND FUTUNA,Wallis and Futuna Islands,WLF,,WLF,876,,WPRO,OC,10052,,Wallis and Futuna,,,Polynesia,f,Oceania,-13.768752,-177.156097,,,,,
EH,WESTERN SAHARA,Western Sahara,ESH,,ESH,732,,,AF,1923,,Western Sahara,,,Northern Africa,f,Africa,24.215527,-12.885834,,,,,
YE,YEMEN,Yemen,YEM,,YEM,887,YE,EMRO,AS,3053,,Yemen,,,Western Asia,f,Asia,15.552727,48.516388,,,,,
ZM,ZAMBIA,Zambia,ZMB,,ZMB,894,ZB,AFRO,AF,1925,,Zambia,,,Eastern Africa,f,Africa,-13.133897,27.849332,,,,,
ZW,ZIMBABWE,Zimbabwe,ZWE,,ZWE,716,ZW,AFRO,AF,1935,,Zimbabwe,,,Eastern Africa,f,Africa,-19.015438,29.154857,,,,,
