X67293	1	178
X67293	2	178
X67293	3	178
X67293	4	179
X67293	5	179
X67293	6	179
X67293	7	187
X67293	8	187
X67293	9	191
X67293	10	191
X67293	11	191
X67293	12	191
X67293	13	192
X67293	14	192
X67293	15	192
X67293	16	193
X67293	17	198
X67293	18	200
X67293	19	200
X67293	20	201
X67293	21	200
X67293	22	200
X67293	23	202
X67293	24	206
X67293	25	205
X67293	26	205
X67293	27	205
X67293	28	209
X67293	29	209
X67293	30	209
X67293	31	212
X67293	32	212
X67293	33	210
X67293	34	210
X67293	35	211
X67293	36	211
X67293	37	211
X67293	38	211
X67293	39	211
X67293	40	210
X67293	41	210
X67293	42	210
X67293	43	210
X67293	44	208
X67293	45	208
X67293	46	208
X67293	47	208
X67293	48	208
X67293	49	210
X67293	50	210
X67293	51	210
X67293	52	210
X67293	53	209
X67293	54	209
X67293	55	209
X67293	56	209
X67293	57	208
X67293	58	210
X67293	59	208
X67293	60	208
X67293	61	208
X67293	62	208
X67293	63	206
X67293	64	206
X67293	65	206
X67293	66	206
X67293	67	204
X67293	68	204
X67293	69	205
X67293	70	205
X67293	71	205
X67293	72	204
X67293	73	204
X67293	74	203
X67293	75	203
X67293	76	203
X67293	77	203
X67293	78	204
X67293	79	204
X67293	80	203
X67293	81	203
X67293	82	203
X67293	83	203
X67293	84	203
X67293	85	203
X67293	86	202
X67293	87	201
X67293	88	201
X67293	89	201
X67293	90	201
X67293	91	197
X67293	92	196
X67293	93	198
X67293	94	196
X67293	95	196
X67293	96	196
X67293	97	196
X67293	98	193
X67293	99	190
X67293	100	190
X67293	101	190
X67293	102	190
X67293	103	190
X67293	104	189
X67293	105	186
X67293	106	187
X67293	107	186
X67293	108	186
X67293	109	186
X67293	110	186
X67293	111	186
X67293	112	183
X67293	113	182
X67293	114	183
X67293	115	184
X67293	116	184
X67293	117	184
X67293	118	184
X67293	119	181
X67293	120	181
X67293	121	179
X67293	122	179
X67293	123	179
X67293	124	178
X67293	125	176
X67293	126	174
X67293	127	175
X67293	128	175
X67293	129	177
X67293	130	175
X67293	131	174
X67293	132	174
X67293	133	173
X67293	134	177
X67293	135	178
X67293	136	180
X67293	137	180
X67293	138	178
X67293	139	180
X67293	140	175
X67293	141	175
X67293	142	175
X67293	143	175
X67293	144	174
X67293	145	170
X67293	146	170
X67293	147	170
X67293	148	179
X67293	149	179
X67293	150	172
X67293	151	172
X67293	152	170
X67293	153	171
X67293	154	171
X67293	155	169
X67293	156	171
X67293	157	158
X67293	158	160
X67293	159	160
X67293	160	164
X67293	161	166
X67293	162	167
X67293	163	168
X67293	164	165
X67293	165	168
X67293	166	168
X67293	167	179
X67293	168	179
X67293	169	178
X67293	170	177
X67293	171	177
X67293	172	173
X67293	173	173
X67293	174	173
X67293	175	173
X67293	176	162
X67293	177	154
X67293	178	153
X67293	179	155
X67293	180	155
X67293	181	156
X67293	182	156
X67293	183	155
X67293	184	153
X67293	185	153
X67293	186	153
X67293	187	153
X67293	188	153
X67293	189	154
X67293	190	154
X67293	191	154
X67293	192	154
X67293	193	154
X67293	194	154
X67293	195	156
X67293	196	156
X67293	197	156
X67293	198	152
X67293	199	154
X67293	200	159
X67293	201	159
X67293	202	159
X67293	203	159
X67293	204	159
X67293	205	159
X67293	206	158
X67293	207	157
X67293	208	156
X67293	209	154
X67293	210	154
X67293	211	154
X67293	212	156
X67293	213	154
X67293	214	155
X67293	215	159
X67293	216	160
X67293	217	157
X67293	218	158
X67293	219	158
X67293	220	158
X67293	221	157
X67293	222	157
X67293	223	157
X67293	224	157
X67293	225	154
X67293	226	154
X67293	227	155
X67293	228	154
X67293	229	153
X67293	230	153
X67293	231	153
X67293	232	153
X67293	233	153
X67293	234	151
X67293	235	151
X67293	236	152
X67293	237	152
X67293	238	152
X67293	239	153
X67293	240	154
X67293	241	155
X67293	242	154
X67293	243	155
X67293	244	153
X67293	245	152
X67293	246	150
X67293	247	150
X67293	248	150
X67293	249	146
X67293	250	146
X67293	251	143
X67293	252	141
X67293	253	140
X67293	254	140
X67293	255	141
X67293	256	141
X67293	257	140
X67293	258	141
X67293	259	139
X67293	260	139
X67293	261	141
X67293	262	141
X67293	263	141
X67293	264	141
X67293	265	145
X67293	266	149
X67293	267	148
X67293	268	147
X67293	269	144
X67293	270	145
X67293	271	144
X67293	272	145
X67293	273	153
X67293	274	148
X67293	275	147
X67293	276	148
X67293	277	148
X67293	278	148
X67293	279	140
X67293	280	140
X67293	281	139
X67293	282	133
X67293	283	133
X67293	284	133
X67293	285	133
X67293	286	133
X67293	287	131
X67293	288	131
X67293	289	133
X67293	290	133
X67293	291	132
X67293	292	134
X67293	293	134
X67293	294	134
X67293	295	134
X67293	296	135
X67293	297	135
X67293	298	135
X67293	299	135
X67293	300	135
X67293	301	134
X67293	302	135
X67293	303	138
X67293	304	138
X67293	305	138
X67293	306	138
X67293	307	138
X67293	308	136
X67293	309	138
X67293	310	138
X67293	311	138
X67293	312	138
X67293	313	140
X67293	314	140
X67293	315	141
X67293	316	141
X67293	317	142
X67293	318	140
X67293	319	139
X67293	320	141
X67293	321	139
X67293	322	140
X67293	323	142
X67293	324	140
X67293	325	140
X67293	326	144
X67293	327	142
X67293	328	143
X67293	329	136
X67293	330	138
X67293	331	139
X67293	332	139
X67293	333	139
X67293	334	138
X67293	335	138
X67293	336	137
X67293	337	138
X67293	338	138
X67293	339	138
X67293	340	138
X67293	341	136
X67293	342	137
X67293	343	137
X67293	344	137
X67293	345	137
X67293	346	135
X67293	347	135
X67293	348	135
X67293	349	135
X67293	350	135
X67293	351	135
X67293	352	135
X67293	353	137
X67293	354	137
X67293	355	135
X67293	356	138
X67293	357	137
X67293	358	137
X67293	359	137
X67293	360	137
X67293	361	137
X67293	362	135
X67293	363	137
X67293	364	137
X67293	365	134
X67293	366	132
X67293	367	132
X67293	368	132
X67293	369	135
X67293	370	137
X67293	371	137
X67293	372	141
X67293	373	141
X67293	374	143
X67293	375	144
X67293	376	144
X67293	377	144
X67293	378	144
X67293	379	144
X67293	380	144
X67293	381	144
X67293	382	145
X67293	383	143
X67293	384	143
X67293	385	143
X67293	386	140
X67293	387	139
X67293	388	139
X67293	389	139
X67293	390	139
X67293	391	135
X67293	392	135
X67293	393	137
X67293	394	136
X67293	395	135
X67293	396	133
X67293	397	133
X67293	398	136
X67293	399	136
X67293	400	137
X67293	401	137
X67293	402	144
X67293	403	146
X67293	404	145
X67293	405	145
X67293	406	145
X67293	407	148
X67293	408	148
X67293	409	148
X67293	410	148
X67293	411	142
X67293	412	140
X67293	413	139
X67293	414	139
X67293	415	140
X67293	416	139
X67293	417	139
X67293	418	136
X67293	419	136
X67293	420	139
X67293	421	137
X67293	422	137
X67293	423	135
X67293	424	135
X67293	425	135
X67293	426	135
X67293	427	139
X67293	428	139
X67293	429	132
X67293	430	132
X67293	431	132
X67293	432	132
X67293	433	132
X67293	434	134
X67293	435	134
X67293	436	130
X67293	437	130
X67293	438	130
X67293	439	132
X67293	440	131
X67293	441	131
X67293	442	131
X67293	443	133
X67293	444	133
X67293	445	134
X67293	446	134
X67293	447	134
X67293	448	132
X67293	449	137
X67293	450	139
X67293	451	139
X67293	452	139
X67293	453	139
X67293	454	142
X67293	455	144
X67293	456	144
X67293	457	145
X67293	458	142
X67293	459	134
X67293	460	134
X67293	461	133
X67293	462	135
X67293	463	135
X67293	464	133
X67293	465	133
X67293	466	132
X67293	467	132
X67293	468	133
X67293	469	132
X67293	470	132
X67293	471	132
X67293	472	129
X67293	473	130
X67293	474	128
X67293	475	128
X67293	476	128
X67293	477	129
X67293	478	129
X67293	479	130
X67293	480	130
X67293	481	130
X67293	482	130
X67293	483	130
X67293	484	129
X67293	485	130
X67293	486	132
X67293	487	132
X67293	488	132
X67293	489	131
X67293	490	131
X67293	491	130
X67293	492	129
X67293	493	129
X67293	494	129
X67293	495	126
X67293	496	126
X67293	497	126
X67293	498	126
X67293	499	126
X67293	500	126
X67293	501	126
X67293	502	128
X67293	503	128
X67293	504	127
X67293	505	127
X67293	506	127
X67293	507	127
X67293	508	125
X67293	509	127
X67293	510	127
X67293	511	128
X67293	512	128
X67293	513	128
X67293	514	128
X67293	515	130
X67293	516	127
X67293	517	127
X67293	518	126
X67293	519	124
X67293	520	124
X67293	521	124
X67293	522	124
X67293	523	125
X67293	524	126
X67293	525	126
X67293	526	127
X67293	527	126
X67293	528	126
X67293	529	126
X67293	530	126
X67293	531	124
X67293	532	124
X67293	533	123
X67293	534	125
X67293	535	125
X67293	536	125
X67293	537	126
X67293	538	126
X67293	539	124
X67293	540	124
X67293	541	122
X67293	542	122
X67293	543	129
X67293	544	129
X67293	545	133
X67293	546	133
X67293	547	136
X67293	548	136
X67293	549	136
X67293	550	136
X67293	551	139
X67293	552	124
X67293	553	124
X67293	554	123
X67293	555	125
X67293	556	127
X67293	557	127
X67293	558	125
X67293	559	125
X67293	560	121
X67293	561	121
X67293	562	121
X67293	563	121
X67293	564	120
X67293	565	121
X67293	566	119
X67293	567	119
X67293	568	118
X67293	569	118
X67293	570	127
X67293	571	128
X67293	572	128
X67293	573	127
X67293	574	123
X67293	575	123
X67293	576	123
X67293	577	123
X67293	578	123
X67293	579	121
X67293	580	121
X67293	581	121
X67293	582	123
X67293	583	123
X67293	584	123
X67293	585	128
X67293	586	128
X67293	587	135
X67293	588	132
X67293	589	133
X67293	590	136
X67293	591	137
X67293	592	137
X67293	593	136
X67293	594	135
X67293	595	135
X67293	596	135
X67293	597	136
X67293	598	136
X67293	599	136
X67293	600	137
X67293	601	137
X67293	602	137
X67293	603	136
X67293	604	136
X67293	605	136
X67293	606	136
X67293	607	136
X67293	608	136
X67293	609	136
X67293	610	136
X67293	611	136
X67293	612	143
X67293	613	143
X67293	614	143
X67293	615	143
X67293	616	141
X67293	617	140
X67293	618	139
X67293	619	139
X67293	620	138
X67293	621	136
X67293	622	137
X67293	623	137
X67293	624	136
X67293	625	136
X67293	626	133
X67293	627	133
X67293	628	133
X67293	629	138
X67293	630	138
X67293	631	138
X67293	632	137
X67293	633	137
X67293	634	137
X67293	635	137
X67293	636	137
X67293	637	140
X67293	638	140
X67293	639	142
X67293	640	142
X67293	641	142
X67293	642	145
X67293	643	145
X67293	644	145
X67293	645	145
X67293	646	141
X67293	647	141
X67293	648	142
X67293	649	141
X67293	650	141
X67293	651	140
X67293	652	141
X67293	653	141
X67293	654	143
X67293	655	143
X67293	656	143
X67293	657	143
X67293	658	143
X67293	659	144
X67293	660	146
X67293	661	147
X67293	662	149
X67293	663	151
X67293	664	157
X67293	665	156
X67293	666	155
X67293	667	155
X67293	668	155
X67293	669	155
X67293	670	156
X67293	671	155
X67293	672	154
X67293	673	146
X67293	674	146
X67293	675	146
X67293	676	146
X67293	677	147
X67293	678	145
X67293	679	145
X67293	680	145
X67293	681	145
X67293	682	145
X67293	683	146
X67293	684	152
X67293	685	153
X67293	686	153
X67293	687	153
X67293	688	153
X67293	689	165
X67293	690	166
X67293	691	166
X67293	692	166
X67293	693	166
X67293	694	158
X67293	695	158
X67293	696	157
X67293	697	157
X67293	698	151
X67293	699	148
X67293	700	152
X67293	701	152
X67293	702	152
X67293	703	152
X67293	704	150
X67293	705	149
X67293	706	149
X67293	707	149
X67293	708	150
X67293	709	145
X67293	710	145
X67293	711	147
X67293	712	147
X67293	713	147
X67293	714	148
X67293	715	148
X67293	716	148
X67293	717	150
X67293	718	149
X67293	719	149
X67293	720	149
X67293	721	151
X67293	722	151
X67293	723	155
X67293	724	152
X67293	725	152
X67293	726	152
X67293	727	152
X67293	728	150
X67293	729	147
X67293	730	147
X67293	731	147
X67293	732	145
X67293	733	145
X67293	734	149
X67293	735	149
X67293	736	151
X67293	737	151
X67293	738	151
X67293	739	149
X67293	740	149
X67293	741	149
X67293	742	150
X67293	743	146
X67293	744	146
X67293	745	145
X67293	746	145
X67293	747	143
X67293	748	145
X67293	749	145
X67293	750	145
X67293	751	145
X67293	752	145
X67293	753	146
X67293	754	144
X67293	755	144
X67293	756	142
X67293	757	142
X67293	758	144
X67293	759	144
X67293	760	144
X67293	761	145
X67293	762	142
X67293	763	142
X67293	764	142
X67293	765	144
X67293	766	144
X67293	767	142
X67293	768	142
X67293	769	140
X67293	770	144
X67293	771	145
X67293	772	145
X67293	773	145
X67293	774	138
X67293	775	137
X67293	776	136
X67293	777	134
X67293	778	134
X67293	779	132
X67293	780	132
X67293	781	135
X67293	782	135
X67293	783	136
X67293	784	138
X67293	785	136
X67293	786	134
X67293	787	133
X67293	788	133
X67293	789	133
X67293	790	133
X67293	791	133
X67293	792	131
X67293	793	131
X67293	794	128
X67293	795	128
X67293	796	128
X67293	797	126
X67293	798	126
X67293	799	126
X67293	800	126
X67293	801	127
X67293	802	127
X67293	803	127
X67293	804	129
X67293	805	129
X67293	806	129
X67293	807	129
X67293	808	129
X67293	809	129
X67293	810	127
X67293	811	127
X67293	812	127
X67293	813	123
X67293	814	123
X67293	815	124
X67293	816	124
X67293	817	124
X67293	818	124
X67293	819	124
X67293	820	124
X67293	821	121
X67293	822	120
X67293	823	124
X67293	824	124
X67293	825	126
X67293	826	126
X67293	827	127
X67293	828	127
X67293	829	128
X67293	830	126
X67293	831	127
X67293	832	126
X67293	833	118
X67293	834	118
X67293	835	118
X67293	836	117
X67293	837	117
X67293	838	115
X67293	839	115
X67293	840	113
X67293	841	113
X67293	842	112
X67293	843	112
X67293	844	113
X67293	845	112
X67293	846	114
X67293	847	114
X67293	848	115
X67293	849	115
X67293	850	116
X67293	851	116
X67293	852	114
X67293	853	117
X67293	854	117
X67293	855	114
X67293	856	112
X67293	857	115
X67293	858	124
X67293	859	125
X67293	860	125
X67293	861	125
X67293	862	119
X67293	863	118
X67293	864	118
X67293	865	118
X67293	866	118
X67293	867	115
X67293	868	115
X67293	869	116
X67293	870	138
X67293	871	138
X67293	872	138
X67293	873	137
X67293	874	137
X67293	875	137
X67293	876	137
X67293	877	135
X67293	878	134
X67293	879	126
X67293	880	124
X67293	881	126
X67293	882	126
X67293	883	126
X67293	884	127
X67293	885	127
X67293	886	128
X67293	887	128
X67293	888	130
X67293	889	129
X67293	890	129
X67293	891	129
X67293	892	129
X67293	893	128
X67293	894	129
X67293	895	133
X67293	896	138
X67293	897	138
X67293	898	137
X67293	899	137
X67293	900	137
X67293	901	145
X67293	902	147
X67293	903	147
X67293	904	145
X67293	905	143
X67293	906	144
X67293	907	146
X67293	908	146
X67293	909	145
X67293	910	143
X67293	911	142
X67293	912	145
X67293	913	146
X67293	914	146
X67293	915	145
X67293	916	145
X67293	917	146
X67293	918	148
X67293	919	148
X67293	920	148
X67293	921	143
X67293	922	145
X67293	923	140
X67293	924	139
X67293	925	140
X67293	926	138
X67293	927	138
X67293	928	137
X67293	929	137
X67293	930	138
X67293	931	138
X67293	932	139
X67293	933	134
X67293	934	134
X67293	935	133
X67293	936	134
X67293	937	134
X67293	938	134
X67293	939	134
X67293	940	131
X67293	941	130
X67293	942	130
X67293	943	132
X67293	944	130
X67293	945	130
X67293	946	130
X67293	947	130
X67293	948	132
X67293	949	132
X67293	950	132
X67293	951	134
X67293	952	134
X67293	953	134
X67293	954	135
X67293	955	137
X67293	956	140
X67293	957	143
X67293	958	143
X67293	959	141
X67293	960	139
X67293	961	140
X67293	962	140
X67293	963	140
X67293	964	138
X67293	965	138
X67293	966	138
X67293	967	138
X67293	968	138
X67293	969	138
X67293	970	145
X67293	971	145
X67293	972	145
X67293	973	145
X67293	974	143
X67293	975	150
X67293	976	149
X67293	977	149
X67293	978	153
X67293	979	153
X67293	980	153
X67293	981	151
X67293	982	151
X67293	983	151
X67293	984	149
X67293	985	150
X67293	986	152
X67293	987	152
X67293	988	152
X67293	989	152
X67293	990	152
X67293	991	152
X67293	992	152
X67293	993	151
X67293	994	150
X67293	995	151
X67293	996	152
X67293	997	154
X67293	998	156
X67293	999	156
X67293	1000	156
X67293	1001	156
X67293	1002	156
X67293	1003	159
X67293	1004	157
X67293	1005	157
X67293	1006	157
X67293	1007	157
X67293	1008	157
X67293	1009	157
X67293	1010	157
X67293	1011	158
X67293	1012	160
X67293	1013	159
X67293	1014	162
X67293	1015	160
X67293	1016	159
X67293	1017	160
X67293	1018	168
X67293	1019	168
X67293	1020	171
X67293	1021	171
X67293	1022	171
X67293	1023	172
X67293	1024	172
X67293	1025	171
X67293	1026	171
X67293	1027	166
X67293	1028	166
X67293	1029	166
X67293	1030	166
X67293	1031	170
X67293	1032	167
X67293	1033	167
X67293	1034	166
X67293	1035	166
X67293	1036	164
X67293	1037	164
X67293	1038	164
X67293	1039	164
X67293	1040	164
X67293	1041	162
X67293	1042	166
X67293	1043	166
X67293	1044	164
X67293	1045	162
X67293	1046	162
X67293	1047	162
X67293	1048	162
X67293	1049	162
X67293	1050	162
X67293	1051	159
X67293	1052	162
X67293	1053	162
X67293	1054	162
X67293	1055	160
X67293	1056	160
X67293	1057	160
X67293	1058	160
X67293	1059	159
X67293	1060	159
X67293	1061	159
X67293	1062	159
X67293	1063	161
X67293	1064	163
X67293	1065	164
X67293	1066	161
X67293	1067	161
X67293	1068	161
X67293	1069	161
X67293	1070	162
X67293	1071	162
X67293	1072	156
X67293	1073	156
X67293	1074	156
X67293	1075	156
X67293	1076	156
X67293	1077	156
X67293	1078	156
X67293	1079	156
X67293	1080	157
X67293	1081	159
X67293	1082	159
X67293	1083	159
X67293	1084	159
X67293	1085	159
X67293	1086	159
X67293	1087	159
X67293	1088	159
X67293	1089	160
X67293	1090	162
X67293	1091	162
X67293	1092	164
X67293	1093	167
X67293	1094	167
X67293	1095	167
X67293	1096	166
X67293	1097	166
X67293	1098	166
X67293	1099	167
X67293	1100	169
X67293	1101	163
X67293	1102	164
X67293	1103	163
X67293	1104	163
X67293	1105	165
X67293	1106	165
X67293	1107	164
X67293	1108	165
X67293	1109	162
X67293	1110	161
X67293	1111	162
X67293	1112	162
X67293	1113	162
X67293	1114	162
X67293	1115	162
X67293	1116	160
X67293	1117	158
X67293	1118	158
X67293	1119	152
X67293	1120	149
X67293	1121	150
X67293	1122	150
X67293	1123	150
X67293	1124	151
X67293	1125	147
X67293	1126	150
X67293	1127	150
X67293	1128	155
X67293	1129	156
X67293	1130	158
X67293	1131	159
X67293	1132	157
X67293	1133	157
X67293	1134	158
X67293	1135	157
X67293	1136	157
X67293	1137	156
X67293	1138	156
X67293	1139	149
X67293	1140	150
X67293	1141	150
X67293	1142	151
X67293	1143	151
X67293	1144	153
X67293	1145	152
X67293	1146	157
X67293	1147	155
X67293	1148	159
X67293	1149	159
X67293	1150	157
X67293	1151	157
X67293	1152	159
X67293	1153	158
X67293	1154	158
X67293	1155	156
X67293	1156	156
X67293	1157	151
X67293	1158	151
X67293	1159	151
X67293	1160	150
X67293	1161	150
X67293	1162	150
X67293	1163	150
X67293	1164	150
X67293	1165	153
X67293	1166	151
X67293	1167	151
X67293	1168	150
X67293	1169	150
X67293	1170	150
X67293	1171	148
X67293	1172	148
X67293	1173	148
X67293	1174	149
X67293	1175	149
X67293	1176	148
X67293	1177	148
X67293	1178	149
X67293	1179	147
X67293	1180	156
X67293	1181	155
X67293	1182	154
X67293	1183	156
X67293	1184	156
X67293	1185	159
X67293	1186	160
X67293	1187	159
X67293	1188	160
X67293	1189	160
X67293	1190	160
X67293	1191	160
X67293	1192	157
X67293	1193	159
X67293	1194	144
X67293	1195	146
X67293	1196	145
X67293	1197	145
X67293	1198	150
X67293	1199	150
X67293	1200	151
X67293	1201	151
X67293	1202	151
X67293	1203	151
X67293	1204	146
X67293	1205	145
X67293	1206	144
X67293	1207	148
X67293	1208	150
X67293	1209	150
X67293	1210	150
X67293	1211	150
X67293	1212	149
X67293	1213	149
X67293	1214	149
X67293	1215	148
X67293	1216	149
X67293	1217	150
X67293	1218	152
X67293	1219	158
X67293	1220	159
X67293	1221	161
X67293	1222	161
X67293	1223	162
X67293	1224	162
X67293	1225	160
X67293	1226	159
X67293	1227	149
X67293	1228	156
X67293	1229	156
X67293	1230	152
X67293	1231	153
X67293	1232	153
X67293	1233	155
X67293	1234	155
X67293	1235	156
X67293	1236	159
X67293	1237	162
X67293	1238	163
X67293	1239	163
X67293	1240	163
X67293	1241	163
X67293	1242	165
X67293	1243	165
X67293	1244	166
X67293	1245	163
X67293	1246	163
X67293	1247	160
X67293	1248	160
X67293	1249	159
X67293	1250	159
X67293	1251	159
X67293	1252	157
X67293	1253	157
X67293	1254	160
X67293	1255	159
X67293	1256	159
X67293	1257	160
X67293	1258	160
X67293	1259	161
X67293	1260	162
X67293	1261	162
X67293	1262	165
X67293	1263	169
X67293	1264	169
X67293	1265	168
X67293	1266	168
X67293	1267	168
X67293	1268	169
X67293	1269	169
X67293	1270	169
X67293	1271	166
X67293	1272	166
X67293	1273	166
X67293	1274	167
X67293	1275	167
X67293	1276	164
X67293	1277	162
X67293	1278	163
X67293	1279	163
X67293	1280	164
X67293	1281	164
X67293	1282	164
X67293	1283	164
X67293	1284	164
X67293	1285	164
X67293	1286	164
X67293	1287	164
X67293	1288	164
X67293	1289	165
X67293	1290	165
X67293	1291	165
X67293	1292	165
X67293	1293	165
X67293	1294	165
X67293	1295	165
X67293	1296	166
X67293	1297	166
X67293	1298	167
X67293	1299	167
X67293	1300	167
X67293	1301	168
X67293	1302	169
X67293	1303	169
X67293	1304	169
X67293	1305	169
X67293	1306	169
X67293	1307	170
X67293	1308	173
X67293	1309	171
X67293	1310	169
X67293	1311	169
X67293	1312	171
X67293	1313	169
X67293	1314	167
X67293	1315	167
X67293	1316	169
X67293	1317	169
X67293	1318	169
X67293	1319	169
X67293	1320	171
X67293	1321	171
X67293	1322	173
X67293	1323	173
X67293	1324	173
X67293	1325	173
X67293	1326	173
X67293	1327	173
X67293	1328	173
X67293	1329	171
X67293	1330	172
X67293	1331	171
X67293	1332	171
X67293	1333	169
X67293	1334	170
X67293	1335	181
X67293	1336	181
X67293	1337	181
X67293	1338	181
X67293	1339	179
X67293	1340	179
X67293	1341	179
X67293	1342	180
X67293	1343	177
X67293	1344	175
X67293	1345	175
X67293	1346	179
X67293	1347	184
X67293	1348	184
X67293	1349	181
X67293	1350	181
X67293	1351	181
X67293	1352	181
X67293	1353	180
X67293	1354	180
X67293	1355	173
X67293	1356	167
X67293	1357	169
X67293	1358	169
X67293	1359	168
X67293	1360	168
X67293	1361	168
X67293	1362	169
X67293	1363	169
X67293	1364	169
X67293	1365	169
X67293	1366	167
X67293	1367	167
X67293	1368	167
X67293	1369	167
X67293	1370	167
X67293	1371	167
X67293	1372	167
X67293	1373	167
X67293	1374	166
X67293	1375	164
X67293	1376	164
X67293	1377	163
X67293	1378	163
X67293	1379	160
X67293	1380	159
X67293	1381	157
X67293	1382	157
X67293	1383	157
X67293	1384	161
X67293	1385	160
X67293	1386	166
X67293	1387	168
X67293	1388	164
X67293	1389	168
X67293	1390	166
X67293	1391	170
X67293	1392	170
X67293	1393	170
X67293	1394	174
X67293	1395	166
X67293	1396	165
X67293	1397	162
X67293	1398	162
X67293	1399	162
X67293	1400	160
X67293	1401	165
X67293	1402	164
X67293	1403	157
X67293	1404	157
X67293	1405	157
X67293	1406	159
X67293	1407	159
X67293	1408	157
X67293	1409	157
X67293	1410	157
X67293	1411	158
X67293	1412	158
X67293	1413	158
X67293	1414	158
X67293	1415	155
X67293	1416	155
X67293	1417	158
X67293	1418	159
X67293	1419	161
X67293	1420	161
X67293	1421	161
X67293	1422	161
X67293	1423	159
X67293	1424	157
X67293	1425	156
X67293	1426	155
X67293	1427	155
X67293	1428	158
X67293	1429	157
X67293	1430	160
X67293	1431	157
X67293	1432	157
X67293	1433	159
X67293	1434	160
X67293	1435	160
X67293	1436	157
X67293	1437	156
X67293	1438	157
X67293	1439	156
X67293	1440	156
X67293	1441	151
X67293	1442	151
X67293	1443	151
X67293	1444	151
X67293	1445	151
X67293	1446	149
X67293	1447	149
X67293	1448	149
X67293	1449	150
X67293	1450	150
X67293	1451	150
X67293	1452	150
X67293	1453	150
X67293	1454	150
X67293	1455	150
X67293	1456	150
X67293	1457	147
X67293	1458	145
X67293	1459	145
X67293	1460	147
X67293	1461	147
X67293	1462	147
X67293	1463	147
X67293	1464	147
X67293	1465	147
X67293	1466	147
X67293	1467	150
X67293	1468	150
X67293	1469	147
X67293	1470	149
X67293	1471	145
X67293	1472	143
X67293	1473	144
X67293	1474	143
X67293	1475	145
X67293	1476	146
X67293	1477	150
X67293	1478	150
X67293	1479	147
X67293	1480	147
X67293	1481	147
X67293	1482	146
X67293	1483	148
X67293	1484	148
X67293	1485	146
X67293	1486	136
X67293	1487	135
X67293	1488	134
X67293	1489	133
X67293	1490	133
X67293	1491	133
X67293	1492	132
X67293	1493	135
X67293	1494	134
X67293	1495	134
X67293	1496	134
X67293	1497	134
X67293	1498	132
X67293	1499	132
X67293	1500	132
X67293	1501	132
X67293	1502	132
X67293	1503	134
X67293	1504	140
X67293	1505	140
X67293	1506	140
X67293	1507	140
X67293	1508	138
X67293	1509	138
X67293	1510	137
X67293	1511	138
X67293	1512	136
X67293	1513	132
X67293	1514	132
X67293	1515	132
X67293	1516	134
X67293	1517	134
X67293	1518	133
X67293	1519	135
X67293	1520	133
X67293	1521	133
X67293	1522	133
X67293	1523	134
X67293	1524	134
X67293	1525	134
X67293	1526	134
X67293	1527	136
X67293	1528	135
X67293	1529	137
X67293	1530	134
X67293	1531	141
X67293	1532	144
X67293	1533	144
X67293	1534	144
X67293	1535	147
X67293	1536	147
X67293	1537	147
X67293	1538	149
X67293	1539	149
X67293	1540	148
X67293	1541	148
X67293	1542	151
X67293	1543	151
X67293	1544	154
X67293	1545	154
X67293	1546	152
X67293	1547	147
X67293	1548	151
X67293	1549	155
X67293	1550	155
X67293	1551	152
X67293	1552	154
X67293	1553	158
X67293	1554	158
X67293	1555	158
X67293	1556	158
X67293	1557	154
X67293	1558	151
X67293	1559	146
X67293	1560	144
X67293	1561	144
X67293	1562	142
X67293	1563	142
X67293	1564	142
X67293	1565	142
X67293	1566	142
X67293	1567	143
X67293	1568	143
X67293	1569	149
X67293	1570	146
X67293	1571	148
X67293	1572	148
X67293	1573	149
X67293	1574	152
X67293	1575	152
X67293	1576	152
X67293	1577	152
X67293	1578	152
X67293	1579	152
X67293	1580	152
X67293	1581	155
X67293	1582	158
X67293	1583	158
X67293	1584	158
X67293	1585	155
X67293	1586	155
X67293	1587	157
X67293	1588	157
X67293	1589	157
X67293	1590	155
X67293	1591	159
X67293	1592	161
X67293	1593	161
X67293	1594	161
X67293	1595	159
X67293	1596	162
X67293	1597	165
X67293	1598	162
X67293	1599	170
X67293	1600	170
X67293	1601	172
X67293	1602	173
X67293	1603	173
X67293	1604	175
X67293	1605	174
X67293	1606	174
X67293	1607	174
X67293	1608	174
X67293	1609	177
X67293	1610	177
X67293	1611	183
X67293	1612	183
X67293	1613	183
X67293	1614	185
X67293	1615	185
X67293	1616	185
X67293	1617	188
X67293	1618	188
X67293	1619	189
X67293	1620	190
X67293	1621	190
X67293	1622	190
X67293	1623	187
X67293	1624	187
X67293	1625	185
X67293	1626	185
X67293	1627	189
X67293	1628	189
X67293	1629	189
X67293	1630	189
X67293	1631	186
X67293	1632	187
X67293	1633	192
X67293	1634	190
X67293	1635	189
X67293	1636	187
X67293	1637	185
X67293	1638	185
X67293	1639	185
X67293	1640	186
X67293	1641	186
X67293	1642	185
X67293	1643	188
X67293	1644	183
X67293	1645	183
X67293	1646	184
X67293	1647	184
X67293	1648	187
X67293	1649	188
X67293	1650	188
X67293	1651	188
X67293	1652	187
X67293	1653	188
X67293	1654	188
X67293	1655	187
X67293	1656	188
X67293	1657	186
X67293	1658	186
X67293	1659	186
X67293	1660	187
X67293	1661	188
X67293	1662	188
X67293	1663	190
X67293	1664	191
X67293	1665	191
X67293	1666	191
X67293	1667	191
X67293	1668	193
X67293	1669	194
X67293	1670	194
X67293	1671	194
X67293	1672	195
X67293	1673	197
X67293	1674	199
X67293	1675	199
X67293	1676	199
X67293	1677	199
X67293	1678	199
X67293	1679	199
X67293	1680	199
X67293	1681	198
X67293	1682	198
X67293	1683	198
X67293	1684	196
X67293	1685	195
X67293	1686	193
X67293	1687	193
X67293	1688	191
X67293	1689	190
X67293	1690	190
X67293	1691	190
X67293	1692	190
X67293	1693	190
X67293	1694	190
X67293	1695	190
X67293	1696	190
X67293	1697	190
X67293	1698	189
X67293	1699	189
X67293	1700	188
X67293	1701	188
X67293	1702	198
X67293	1703	198
X67293	1704	198
X67293	1705	198
X67293	1706	198
X67293	1707	199
X67293	1708	199
X67293	1709	199
X67293	1710	203
X67293	1711	197
X67293	1712	197
X67293	1713	197
X67293	1714	199
X67293	1715	199
X67293	1716	202
X67293	1717	205
X67293	1718	195
X67293	1719	193
X67293	1720	193
X67293	1721	193
X67293	1722	193
X67293	1723	196
X67293	1724	194
X67293	1725	191
X67293	1726	187
X67293	1727	187
X67293	1728	187
X67293	1729	188
X67293	1730	188
X67293	1731	188
X67293	1732	188
X67293	1733	188
X67293	1734	186
X67293	1735	186
X67293	1736	187
X67293	1737	188
X67293	1738	191
X67293	1739	191
X67293	1740	190
X67293	1741	190
X67293	1742	190
X67293	1743	190
X67293	1744	189
X67293	1745	186
X67293	1746	183
X67293	1747	183
X67293	1748	183
X67293	1749	183
X67293	1750	183
X67293	1751	183
X67293	1752	183
X67293	1753	183
X67293	1754	182
X67293	1755	179
X67293	1756	178
X67293	1757	180
X67293	1758	180
X67293	1759	179
X67293	1760	179
X67293	1761	179
X67293	1762	171
X67293	1763	168
X67293	1764	162
X67293	1765	160
X67293	1766	158
X67293	1767	158
X67293	1768	160
X67293	1769	160
X67293	1770	165
X67293	1771	164
X67293	1772	167
X67293	1773	169
X67293	1774	167
X67293	1775	167
X67293	1776	167
X67293	1777	173
X67293	1778	173
X67293	1779	173
X67293	1780	173
X67293	1781	173
X67293	1782	171
X67293	1783	170
X67293	1784	174
X67293	1785	174
X67293	1786	169
X67293	1787	169
X67293	1788	167
X67293	1789	168
X67293	1790	168
X67293	1791	166
X67293	1792	165
X67293	1793	158
X67293	1794	160
X67293	1795	160
X67293	1796	161
X67293	1797	162
X67293	1798	159
X67293	1799	160
X67293	1800	158
X67293	1801	160
X67293	1802	160
X67293	1803	155
X67293	1804	155
X67293	1805	155
X67293	1806	155
X67293	1807	155
X67293	1808	155
X67293	1809	155
X67293	1810	156
X67293	1811	159
X67293	1812	158
X67293	1813	161
X67293	1814	161
X67293	1815	162
X67293	1816	164
X67293	1817	164
X67293	1818	163
X67293	1819	170
X67293	1820	167
X67293	1821	169
X67293	1822	160
X67293	1823	160
X67293	1824	160
X67293	1825	159
X67293	1826	159
X67293	1827	159
X67293	1828	155
X67293	1829	157
X67293	1830	157
X67293	1831	156
X67293	1832	156
X67293	1833	156
X67293	1834	158
X67293	1835	158
X67293	1836	158
X67293	1837	161
X67293	1838	161
X67293	1839	162
X67293	1840	162
X67293	1841	160
X67293	1842	160
X67293	1843	160
X67293	1844	160
X67293	1845	160
X67293	1846	156
X67293	1847	155
X67293	1848	155
X67293	1849	156
X67293	1850	156
X67293	1851	156
X67293	1852	157
X67293	1853	158
X67293	1854	160
X67293	1855	163
X67293	1856	161
X67293	1857	165
X67293	1858	167
X67293	1859	165
X67293	1860	165
X67293	1861	166
X67293	1862	167
X67293	1863	167
X67293	1864	167
X67293	1865	167
X67293	1866	167
X67293	1867	162
X67293	1868	162
X67293	1869	162
X67293	1870	161
X67293	1871	161
X67293	1872	162
X67293	1873	162
X67293	1874	162
X67293	1875	163
X67293	1876	163
X67293	1877	164
X67293	1878	164
X67293	1879	164
X67293	1880	166
X67293	1881	162
X67293	1882	161
X67293	1883	162
X67293	1884	164
X67293	1885	165
X67293	1886	164
X67293	1887	164
X67293	1888	164
X67293	1889	164
X67293	1890	164
X67293	1891	163
X67293	1892	163
X67293	1893	162
X67293	1894	162
X67293	1895	163
X67293	1896	163
X67293	1897	163
X67293	1898	163
X67293	1899	169
X67293	1900	177
X67293	1901	179
X67293	1902	187
X67293	1903	186
X67293	1904	185
X67293	1905	184
X67293	1906	184
X67293	1907	183
X67293	1908	183
X67293	1909	184
X67293	1910	190
X67293	1911	189
X67293	1912	188
X67293	1913	187
X67293	1914	187
X67293	1915	188
X67293	1916	188
X67293	1917	188
X67293	1918	189
X67293	1919	180
X67293	1920	174
X67293	1921	174
X67293	1922	174
X67293	1923	174
X67293	1924	174
X67293	1925	172
X67293	1926	172
X67293	1927	172
X67293	1928	172
X67293	1929	171
X67293	1930	171
X67293	1931	171
X67293	1932	171
X67293	1933	171
X67293	1934	171
X67293	1935	171
X67293	1936	173
X67293	1937	175
X67293	1938	175
X67293	1939	177
X67293	1940	177
X67293	1941	177
X67293	1942	178
X67293	1943	178
X67293	1944	178
X67293	1945	178
X67293	1946	176
X67293	1947	176
X67293	1948	176
X67293	1949	176
X67293	1950	177
X67293	1951	176
X67293	1952	174
X67293	1953	174
X67293	1954	174
X67293	1955	174
X67293	1956	174
X67293	1957	174
X67293	1958	173
X67293	1959	174
X67293	1960	174
X67293	1961	176
X67293	1962	176
X67293	1963	176
X67293	1964	177
X67293	1965	177
X67293	1966	177
X67293	1967	177
X67293	1968	173
X67293	1969	173
X67293	1970	169
X67293	1971	171
X67293	1972	171
X67293	1973	170
X67293	1974	171
X67293	1975	169
X67293	1976	170
X67293	1977	170
X67293	1978	172
X67293	1979	169
X67293	1980	180
X67293	1981	180
X67293	1982	180
X67293	1983	180
X67293	1984	180
X67293	1985	179
X67293	1986	184
X67293	1987	183
X67293	1988	181
X67293	1989	180
X67293	1990	179
X67293	1991	179
X67293	1992	179
X67293	1993	180
X67293	1994	180
X67293	1995	177
X67293	1996	177
X67293	1997	177
X67293	1998	177
X67293	1999	177
X67293	2000	177
X67293	2001	181
X67293	2002	181
X67293	2003	184
X67293	2004	183
X67293	2005	181
X67293	2006	180
X67293	2007	180
X67293	2008	178
X67293	2009	178
X67293	2010	174
X67293	2011	174
X67293	2012	178
X67293	2013	178
X67293	2014	178
X67293	2015	178
X67293	2016	180
X67293	2017	180
X67293	2018	180
X67293	2019	178
X67293	2020	176
X67293	2021	172
X67293	2022	172
X67293	2023	173
X67293	2024	176
X67293	2025	178
X67293	2026	178
X67293	2027	178
X67293	2028	179
X67293	2029	179
X67293	2030	177
X67293	2031	177
X67293	2032	177
X67293	2033	176
X67293	2034	172
X67293	2035	177
X67293	2036	177
X67293	2037	177
X67293	2038	176
X67293	2039	176
X67293	2040	176
X67293	2041	176
X67293	2042	174
X67293	2043	175
X67293	2044	166
X67293	2045	165
X67293	2046	165
X67293	2047	164
X67293	2048	163
X67293	2049	165
X67293	2050	164
X67293	2051	163
X67293	2052	162
X67293	2053	163
X67293	2054	163
X67293	2055	163
X67293	2056	163
X67293	2057	165
X67293	2058	164
X67293	2059	164
X67293	2060	164
X67293	2061	162
X67293	2062	160
X67293	2063	161
X67293	2064	158
X67293	2065	158
X67293	2066	155
X67293	2067	153
X67293	2068	153
X67293	2069	147
X67293	2070	147
X67293	2071	151
X67293	2072	146
X67293	2073	144
X67293	2074	145
X67293	2075	144
X67293	2076	152
X67293	2077	154
X67293	2078	154
X67293	2079	154
X67293	2080	152
X67293	2081	154
X67293	2082	154
X67293	2083	159
X67293	2084	159
X67293	2085	157
X67293	2086	157
X67293	2087	157
X67293	2088	156
X67293	2089	156
X67293	2090	155
X67293	2091	155
X67293	2092	154
X67293	2093	156
X67293	2094	156
X67293	2095	158
X67293	2096	158
X67293	2097	154
X67293	2098	158
X67293	2099	157
X67293	2100	156
X67293	2101	156
X67293	2102	152
X67293	2103	158
X67293	2104	156
X67293	2105	156
X67293	2106	155
X67293	2107	141
X67293	2108	147
X67293	2109	147
X67293	2110	146
X67293	2111	145
X67293	2112	139
X67293	2113	139
X67293	2114	139
X67293	2115	139
X67293	2116	140
X67293	2117	137
X67293	2118	135
X67293	2119	136
X67293	2120	136
X67293	2121	136
X67293	2122	136
X67293	2123	135
X67293	2124	135
X67293	2125	135
X67293	2126	134
X67293	2127	134
X67293	2128	133
X67293	2129	134
X67293	2130	138
X67293	2131	138
X67293	2132	139
X67293	2133	141
X67293	2134	141
X67293	2135	142
X67293	2136	141
X67293	2137	145
X67293	2138	146
X67293	2139	146
X67293	2140	152
X67293	2141	153
X67293	2142	153
X67293	2143	153
X67293	2144	153
X67293	2145	154
X67293	2146	153
X67293	2147	153
X67293	2148	155
X67293	2149	147
X67293	2150	147
X67293	2151	146
X67293	2152	146
X67293	2153	146
X67293	2154	148
X67293	2155	148
X67293	2156	148
X67293	2157	149
X67293	2158	149
X67293	2159	149
X67293	2160	149
X67293	2161	147
X67293	2162	146
X67293	2163	146
X67293	2164	147
X67293	2165	150
X67293	2166	147
X67293	2167	146
X67293	2168	146
X67293	2169	147
X67293	2170	147
X67293	2171	147
X67293	2172	149
X67293	2173	144
X67293	2174	144
X67293	2175	145
X67293	2176	147
X67293	2177	147
X67293	2178	147
X67293	2179	147
X67293	2180	147
X67293	2181	149
X67293	2182	149
X67293	2183	150
X67293	2184	150
X67293	2185	150
X67293	2186	154
X67293	2187	157
X67293	2188	157
X67293	2189	155
X67293	2190	153
X67293	2191	153
X67293	2192	153
X67293	2193	153
X67293	2194	153
X67293	2195	153
X67293	2196	153
X67293	2197	153
X67293	2198	153
X67293	2199	153
X67293	2200	153
X67293	2201	152
X67293	2202	152
X67293	2203	152
X67293	2204	152
X67293	2205	160
X67293	2206	162
X67293	2207	162
X67293	2208	163
X67293	2209	163
X67293	2210	162
X67293	2211	161
X67293	2212	161
X67293	2213	161
X67293	2214	162
X67293	2215	149
X67293	2216	155
X67293	2217	157
X67293	2218	157
X67293	2219	157
X67293	2220	155
X67293	2221	159
X67293	2222	159
X67293	2223	160
X67293	2224	160
X67293	2225	153
X67293	2226	152
X67293	2227	149
X67293	2228	151
X67293	2229	149
X67293	2230	147
X67293	2231	147
X67293	2232	147
X67293	2233	147
X67293	2234	149
X67293	2235	149
X67293	2236	148
X67293	2237	142
X67293	2238	142
X67293	2239	142
X67293	2240	142
X67293	2241	142
X67293	2242	142
X67293	2243	143
X67293	2244	149
X67293	2245	149
X67293	2246	149
X67293	2247	149
X67293	2248	149
X67293	2249	150
X67293	2250	153
X67293	2251	155
X67293	2252	155
X67293	2253	152
X67293	2254	152
X67293	2255	152
X67293	2256	152
X67293	2257	153
X67293	2258	149
X67293	2259	149
X67293	2260	150
X67293	2261	150
X67293	2262	150
X67293	2263	148
X67293	2264	148
X67293	2265	151
X67293	2266	148
X67293	2267	148
X67293	2268	148
X67293	2269	146
X67293	2270	150
X67293	2271	150
X67293	2272	150
X67293	2273	150
X67293	2274	150
X67293	2275	149
X67293	2276	149
X67293	2277	149
X67293	2278	150
X67293	2279	147
X67293	2280	147
X67293	2281	156
X67293	2282	156
X67293	2283	159
X67293	2284	159
X67293	2285	157
X67293	2286	156
X67293	2287	156
X67293	2288	156
X67293	2289	157
X67293	2290	155
X67293	2291	155
X67293	2292	155
X67293	2293	155
X67293	2294	154
X67293	2295	152
X67293	2296	152
X67293	2297	152
X67293	2298	152
X67293	2299	153
X67293	2300	153
X67293	2301	153
X67293	2302	153
X67293	2303	155
X67293	2304	154
X67293	2305	154
X67293	2306	157
X67293	2307	158
X67293	2308	158
X67293	2309	157
X67293	2310	157
X67293	2311	163
X67293	2312	160
X67293	2313	160
X67293	2314	159
X67293	2315	157
X67293	2316	155
X67293	2317	153
X67293	2318	159
X67293	2319	161
X67293	2320	161
X67293	2321	161
X67293	2322	159
X67293	2323	161
X67293	2324	161
X67293	2325	160
X67293	2326	161
X67293	2327	158
X67293	2328	153
X67293	2329	155
X67293	2330	157
X67293	2331	157
X67293	2332	157
X67293	2333	157
X67293	2334	156
X67293	2335	156
X67293	2336	156
X67293	2337	156
X67293	2338	156
X67293	2339	156
X67293	2340	157
X67293	2341	157
X67293	2342	157
X67293	2343	157
X67293	2344	157
X67293	2345	157
X67293	2346	157
X67293	2347	158
X67293	2348	158
X67293	2349	160
X67293	2350	160
X67293	2351	160
X67293	2352	160
X67293	2353	158
X67293	2354	157
X67293	2355	157
X67293	2356	157
X67293	2357	157
X67293	2358	155
X67293	2359	158
X67293	2360	162
X67293	2361	162
X67293	2362	162
X67293	2363	162
X67293	2364	162
X67293	2365	162
X67293	2366	162
X67293	2367	159
X67293	2368	159
X67293	2369	159
X67293	2370	163
X67293	2371	163
X67293	2372	163
X67293	2373	163
X67293	2374	162
X67293	2375	162
X67293	2376	162
X67293	2377	163
X67293	2378	163
X67293	2379	160
X67293	2380	162
X67293	2381	163
X67293	2382	163
X67293	2383	162
X67293	2384	162
X67293	2385	163
X67293	2386	160
X67293	2387	158
X67293	2388	161
X67293	2389	158
X67293	2390	158
X67293	2391	160
X67293	2392	159
X67293	2393	171
X67293	2394	171
X67293	2395	173
X67293	2396	174
X67293	2397	168
X67293	2398	168
X67293	2399	168
X67293	2400	165
X67293	2401	165
X67293	2402	165
X67293	2403	165
X67293	2404	167
X67293	2405	167
X67293	2406	163
X67293	2407	167
X67293	2408	166
X67293	2409	166
X67293	2410	167
X67293	2411	166
X67293	2412	166
X67293	2413	166
X67293	2414	171
X67293	2415	171
X67293	2416	170
X67293	2417	175
X67293	2418	173
X67293	2419	173
X67293	2420	174
X67293	2421	174
X67293	2422	176
X67293	2423	177
X67293	2424	177
X67293	2425	179
X67293	2426	175
X67293	2427	175
X67293	2428	177
X67293	2429	177
X67293	2430	177
X67293	2431	175
X67293	2432	178
X67293	2433	179
X67293	2434	181
X67293	2435	182
X67293	2436	182
X67293	2437	182
X67293	2438	179
X67293	2439	179
X67293	2440	179
X67293	2441	176
X67293	2442	178
X67293	2443	180
X67293	2444	180
X67293	2445	178
X67293	2446	178
X67293	2447	179
X67293	2448	179
X67293	2449	179
X67293	2450	181
X67293	2451	179
X67293	2452	179
X67293	2453	180
X67293	2454	180
X67293	2455	181
X67293	2456	181
X67293	2457	181
X67293	2458	181
X67293	2459	180
X67293	2460	180
X67293	2461	178
X67293	2462	177
X67293	2463	179
X67293	2464	177
X67293	2465	176
X67293	2466	174
X67293	2467	171
X67293	2468	168
X67293	2469	166
X67293	2470	167
X67293	2471	167
X67293	2472	165
X67293	2473	165
X67293	2474	165
X67293	2475	165
X67293	2476	167
X67293	2477	167
X67293	2478	171
X67293	2479	171
X67293	2480	171
X67293	2481	171
X67293	2482	171
X67293	2483	174
X67293	2484	174
X67293	2485	174
X67293	2486	178
X67293	2487	178
X67293	2488	178
X67293	2489	178
X67293	2490	183
X67293	2491	183
X67293	2492	183
X67293	2493	183
X67293	2494	182
X67293	2495	181
X67293	2496	181
X67293	2497	182
X67293	2498	181
X67293	2499	181
X67293	2500	182
X67293	2501	182
X67293	2502	180
X67293	2503	180
X67293	2504	180
X67293	2505	183
X67293	2506	183
X67293	2507	184
X67293	2508	183
X67293	2509	183
X67293	2510	180
X67293	2511	181
X67293	2512	182
X67293	2513	182
X67293	2514	180
X67293	2515	179
X67293	2516	179
X67293	2517	180
X67293	2518	180
X67293	2519	180
X67293	2520	180
X67293	2521	180
X67293	2522	181
X67293	2523	180
X67293	2524	183
X67293	2525	184
X67293	2526	183
X67293	2527	183
X67293	2528	183
X67293	2529	183
X67293	2530	183
X67293	2531	191
X67293	2532	189
X67293	2533	187
X67293	2534	173
X67293	2535	169
X67293	2536	169
X67293	2537	169
X67293	2538	170
X67293	2539	171
X67293	2540	160
X67293	2541	160
X67293	2542	161
X67293	2543	161
X67293	2544	161
X67293	2545	161
X67293	2546	162
X67293	2547	158
X67293	2548	160
X67293	2549	162
X67293	2550	165
X67293	2551	166
X67293	2552	168
X67293	2553	168
X67293	2554	166
X67293	2555	166
X67293	2556	166
X67293	2557	163
X67293	2558	166
X67293	2559	166
X67293	2560	166
X67293	2561	167
X67293	2562	167
X67293	2563	166
X67293	2564	166
X67293	2565	168
X67293	2566	168
X67293	2567	165
X67293	2568	163
X67293	2569	166
X67293	2570	167
X67293	2571	171
X67293	2572	171
X67293	2573	171
X67293	2574	170
X67293	2575	172
X67293	2576	172
X67293	2577	175
X67293	2578	176
X67293	2579	176
X67293	2580	168
X67293	2581	169
X67293	2582	169
X67293	2583	169
X67293	2584	167
X67293	2585	167
X67293	2586	169
X67293	2587	167
X67293	2588	167
X67293	2589	167
X67293	2590	164
X67293	2591	169
X67293	2592	173
X67293	2593	173
X67293	2594	175
X67293	2595	175
X67293	2596	175
X67293	2597	177
X67293	2598	177
X67293	2599	179
X67293	2600	184
X67293	2601	195
X67293	2602	195
X67293	2603	195
X67293	2604	195
X67293	2605	191
X67293	2606	195
X67293	2607	195
X67293	2608	192
X67293	2609	192
X67293	2610	177
X67293	2611	177
X67293	2612	177
X67293	2613	177
X67293	2614	177
X67293	2615	177
X67293	2616	177
X67293	2617	177
X67293	2618	177
X67293	2619	177
X67293	2620	177
X67293	2621	177
X67293	2622	177
X67293	2623	180
X67293	2624	179
X67293	2625	179
X67293	2626	179
X67293	2627	178
X67293	2628	179
X67293	2629	178
X67293	2630	176
X67293	2631	176
X67293	2632	176
X67293	2633	175
X67293	2634	178
X67293	2635	179
X67293	2636	180
X67293	2637	184
X67293	2638	184
X67293	2639	188
X67293	2640	188
X67293	2641	191
X67293	2642	187
X67293	2643	183
X67293	2644	185
X67293	2645	185
X67293	2646	185
X67293	2647	185
X67293	2648	182
X67293	2649	185
X67293	2650	185
X67293	2651	185
X67293	2652	185
X67293	2653	185
X67293	2654	185
X67293	2655	185
X67293	2656	181
X67293	2657	181
X67293	2658	179
X67293	2659	176
X67293	2660	176
X67293	2661	176
X67293	2662	175
X67293	2663	175
X67293	2664	180
X67293	2665	180
X67293	2666	182
X67293	2667	182
X67293	2668	182
X67293	2669	184
X67293	2670	184
X67293	2671	192
X67293	2672	194
X67293	2673	190
X67293	2674	192
X67293	2675	190
X67293	2676	190
X67293	2677	190
X67293	2678	189
X67293	2679	189
X67293	2680	189
X67293	2681	187
X67293	2682	189
X67293	2683	187
X67293	2684	188
X67293	2685	188
X67293	2686	188
X67293	2687	191
X67293	2688	191
X67293	2689	194
X67293	2690	193
X67293	2691	192
X67293	2692	194
X67293	2693	202
X67293	2694	205
X67293	2695	205
X67293	2696	204
X67293	2697	205
X67293	2698	205
X67293	2699	203
X67293	2700	203
X67293	2701	202
X67293	2702	202
X67293	2703	202
X67293	2704	201
X67293	2705	201
X67293	2706	201
X67293	2707	201
X67293	2708	201
X67293	2709	201
X67293	2710	201
X67293	2711	201
X67293	2712	201
X67293	2713	205
X67293	2714	209
X67293	2715	209
X67293	2716	209
X67293	2717	209
X67293	2718	209
X67293	2719	208
X67293	2720	206
X67293	2721	207
X67293	2722	204
X67293	2723	206
X67293	2724	206
X67293	2725	206
X67293	2726	206
X67293	2727	206
X67293	2728	212
X67293	2729	215
X67293	2730	215
X67293	2731	212
X67293	2732	212
X67293	2733	214
X67293	2734	214
X67293	2735	214
X67293	2736	214
X67293	2737	214
X67293	2738	217
X67293	2739	217
X67293	2740	220
X67293	2741	220
X67293	2742	217
X67293	2743	217
X67293	2744	216
X67293	2745	216
X67293	2746	215
X67293	2747	215
X67293	2748	211
X67293	2749	211
X67293	2750	211
X67293	2751	211
X67293	2752	211
X67293	2753	210
X67293	2754	210
X67293	2755	209
X67293	2756	209
X67293	2757	212
X67293	2758	211
X67293	2759	206
X67293	2760	206
X67293	2761	206
X67293	2762	210
X67293	2763	212
X67293	2764	212
X67293	2765	211
X67293	2766	210
X67293	2767	210
X67293	2768	212
X67293	2769	214
X67293	2770	214
X67293	2771	207
X67293	2772	208
X67293	2773	207
X67293	2774	206
X67293	2775	206
X67293	2776	206
X67293	2777	205
X67293	2778	205
X67293	2779	203
X67293	2780	203
X67293	2781	203
X67293	2782	201
X67293	2783	201
X67293	2784	201
X67293	2785	201
X67293	2786	204
X67293	2787	203
X67293	2788	202
X67293	2789	202
X67293	2790	200
X67293	2791	200
X67293	2792	203
X67293	2793	203
X67293	2794	206
X67293	2795	205
X67293	2796	205
X67293	2797	203
X67293	2798	202
X67293	2799	200
X67293	2800	199
X67293	2801	195
X67293	2802	196
X67293	2803	196
X67293	2804	196
X67293	2805	196
X67293	2806	196
X67293	2807	194
X67293	2808	194
X67293	2809	194
X67293	2810	194
X67293	2811	194
X67293	2812	191
X67293	2813	191
X67293	2814	191
X67293	2815	193
X67293	2816	190
X67293	2817	190
X67293	2818	191
X67293	2819	190
X67293	2820	194
X67293	2821	195
X67293	2822	195
X67293	2823	194
X67293	2824	194
X67293	2825	197
X67293	2826	183
X67293	2827	180
X67293	2828	180
X67293	2829	178
X67293	2830	179
X67293	2831	177
X67293	2832	178
X67293	2833	178
X67293	2834	178
X67293	2835	178
X67293	2836	178
X67293	2837	175
X67293	2838	175
X67293	2839	171
X67293	2840	171
X67293	2841	171
X67293	2842	171
X67293	2843	171
X67293	2844	169
X67293	2845	169
X67293	2846	169
X67293	2847	172
X67293	2848	172
X67293	2849	166
X67293	2850	164
X67293	2851	164
X67293	2852	164
X67293	2853	166
X67293	2854	168
X67293	2855	166
X67293	2856	164
X67293	2857	162
X67293	2858	163
X67293	2859	163
X67293	2860	165
X67293	2861	165
X67293	2862	164
X67293	2863	156
X67293	2864	156
X67293	2865	156
X67293	2866	158
X67293	2867	154
X67293	2868	152
X67293	2869	148
X67293	2870	148
X67293	2871	144
X67293	2872	144
X67293	2873	139
X67293	2874	139
X67293	2875	138
X67293	2876	138
X67293	2877	138
X67293	2878	138
X67293	2879	138
X67293	2880	138
X67293	2881	136
X67293	2882	136
X67293	2883	136
X67293	2884	134
X67293	2885	133
X67293	2886	133
X67293	2887	131
X67293	2888	128
X67293	2889	126
X67293	2890	126
16S-CP012026	1	179
16S-CP012026	2	179
16S-CP012026	3	179
16S-CP012026	4	180
16S-CP012026	5	180
16S-CP012026	6	181
16S-CP012026	7	181
16S-CP012026	8	181
16S-CP012026	9	181
16S-CP012026	10	181
16S-CP012026	11	182
16S-CP012026	12	185
16S-CP012026	13	185
16S-CP012026	14	186
16S-CP012026	15	186
16S-CP012026	16	186
16S-CP012026	17	186
16S-CP012026	18	188
16S-CP012026	19	188
16S-CP012026	20	188
16S-CP012026	21	188
16S-CP012026	22	188
16S-CP012026	23	188
16S-CP012026	24	188
16S-CP012026	25	184
16S-CP012026	26	185
16S-CP012026	27	185
16S-CP012026	28	185
16S-CP012026	29	184
16S-CP012026	30	185
16S-CP012026	31	183
16S-CP012026	32	183
16S-CP012026	33	183
16S-CP012026	34	183
16S-CP012026	35	182
16S-CP012026	36	182
16S-CP012026	37	179
16S-CP012026	38	180
16S-CP012026	39	180
16S-CP012026	40	182
16S-CP012026	41	190
16S-CP012026	42	188
16S-CP012026	43	188
16S-CP012026	44	191
16S-CP012026	45	192
16S-CP012026	46	195
16S-CP012026	47	194
16S-CP012026	48	193
16S-CP012026	49	193
16S-CP012026	50	181
16S-CP012026	51	178
16S-CP012026	52	176
16S-CP012026	53	176
16S-CP012026	54	176
16S-CP012026	55	174
16S-CP012026	56	174
16S-CP012026	57	175
16S-CP012026	58	175
16S-CP012026	59	171
16S-CP012026	60	170
16S-CP012026	61	171
16S-CP012026	62	174
16S-CP012026	63	174
16S-CP012026	64	174
16S-CP012026	65	175
16S-CP012026	66	175
16S-CP012026	67	179
16S-CP012026	68	182
16S-CP012026	69	182
16S-CP012026	70	177
16S-CP012026	71	176
16S-CP012026	72	178
16S-CP012026	73	179
16S-CP012026	74	179
16S-CP012026	75	179
16S-CP012026	76	175
16S-CP012026	77	176
16S-CP012026	78	176
16S-CP012026	79	174
16S-CP012026	80	174
16S-CP012026	81	174
16S-CP012026	82	174
16S-CP012026	83	173
16S-CP012026	84	175
16S-CP012026	85	177
16S-CP012026	86	178
16S-CP012026	87	179
16S-CP012026	88	179
16S-CP012026	89	181
16S-CP012026	90	181
16S-CP012026	91	179
16S-CP012026	92	179
16S-CP012026	93	179
16S-CP012026	94	179
16S-CP012026	95	180
16S-CP012026	96	180
16S-CP012026	97	180
16S-CP012026	98	180
16S-CP012026	99	180
16S-CP012026	100	180
16S-CP012026	101	180
16S-CP012026	102	180
16S-CP012026	103	178
16S-CP012026	104	178
16S-CP012026	105	179
16S-CP012026	106	178
16S-CP012026	107	181
16S-CP012026	108	182
16S-CP012026	109	180
16S-CP012026	110	180
16S-CP012026	111	180
16S-CP012026	112	183
16S-CP012026	113	182
16S-CP012026	114	182
16S-CP012026	115	182
16S-CP012026	116	179
16S-CP012026	117	180
16S-CP012026	118	182
16S-CP012026	119	181
16S-CP012026	120	181
16S-CP012026	121	177
16S-CP012026	122	177
16S-CP012026	123	177
16S-CP012026	124	174
16S-CP012026	125	174
16S-CP012026	126	170
16S-CP012026	127	176
16S-CP012026	128	175
16S-CP012026	129	177
16S-CP012026	130	176
16S-CP012026	131	172
16S-CP012026	132	176
16S-CP012026	133	177
16S-CP012026	134	177
16S-CP012026	135	177
16S-CP012026	136	173
16S-CP012026	137	173
16S-CP012026	138	168
16S-CP012026	139	167
16S-CP012026	140	168
16S-CP012026	141	166
16S-CP012026	142	166
16S-CP012026	143	166
16S-CP012026	144	166
16S-CP012026	145	166
16S-CP012026	146	162
16S-CP012026	147	161
16S-CP012026	148	161
16S-CP012026	149	155
16S-CP012026	150	155
16S-CP012026	151	155
16S-CP012026	152	153
16S-CP012026	153	152
16S-CP012026	154	150
16S-CP012026	155	150
16S-CP012026	156	150
16S-CP012026	157	150
16S-CP012026	158	150
16S-CP012026	159	150
16S-CP012026	160	151
16S-CP012026	161	152
16S-CP012026	162	155
16S-CP012026	163	167
16S-CP012026	164	165
16S-CP012026	165	165
16S-CP012026	166	165
16S-CP012026	167	164
16S-CP012026	168	165
16S-CP012026	169	167
16S-CP012026	170	169
16S-CP012026	171	155
16S-CP012026	172	156
16S-CP012026	173	158
16S-CP012026	174	158
16S-CP012026	175	159
16S-CP012026	176	160
16S-CP012026	177	163
16S-CP012026	178	163
16S-CP012026	179	164
16S-CP012026	180	163
16S-CP012026	181	164
16S-CP012026	182	164
16S-CP012026	183	164
16S-CP012026	184	164
16S-CP012026	185	164
16S-CP012026	186	158
16S-CP012026	187	158
16S-CP012026	188	157
16S-CP012026	189	157
16S-CP012026	190	157
16S-CP012026	191	159
16S-CP012026	192	159
16S-CP012026	193	157
16S-CP012026	194	157
16S-CP012026	195	157
16S-CP012026	196	157
16S-CP012026	197	155
16S-CP012026	198	155
16S-CP012026	199	156
16S-CP012026	200	155
16S-CP012026	201	155
16S-CP012026	202	160
16S-CP012026	203	160
16S-CP012026	204	160
16S-CP012026	205	159
16S-CP012026	206	159
16S-CP012026	207	161
16S-CP012026	208	161
16S-CP012026	209	162
16S-CP012026	210	158
16S-CP012026	211	157
16S-CP012026	212	157
16S-CP012026	213	157
16S-CP012026	214	159
16S-CP012026	215	159
16S-CP012026	216	156
16S-CP012026	217	155
16S-CP012026	218	159
16S-CP012026	219	158
16S-CP012026	220	155
16S-CP012026	221	152
16S-CP012026	222	151
16S-CP012026	223	151
16S-CP012026	224	151
16S-CP012026	225	151
16S-CP012026	226	151
16S-CP012026	227	151
16S-CP012026	228	153
16S-CP012026	229	154
16S-CP012026	230	154
16S-CP012026	231	157
16S-CP012026	232	157
16S-CP012026	233	157
16S-CP012026	234	157
16S-CP012026	235	163
16S-CP012026	236	158
16S-CP012026	237	158
16S-CP012026	238	158
16S-CP012026	239	160
16S-CP012026	240	159
16S-CP012026	241	156
16S-CP012026	242	157
16S-CP012026	243	157
16S-CP012026	244	156
16S-CP012026	245	158
16S-CP012026	246	156
16S-CP012026	247	155
16S-CP012026	248	154
16S-CP012026	249	155
16S-CP012026	250	155
16S-CP012026	251	155
16S-CP012026	252	155
16S-CP012026	253	156
16S-CP012026	254	161
16S-CP012026	255	164
16S-CP012026	256	164
16S-CP012026	257	163
16S-CP012026	258	166
16S-CP012026	259	166
16S-CP012026	260	168
16S-CP012026	261	168
16S-CP012026	262	164
16S-CP012026	263	164
16S-CP012026	264	165
16S-CP012026	265	164
16S-CP012026	266	164
16S-CP012026	267	164
16S-CP012026	268	163
16S-CP012026	269	162
16S-CP012026	270	160
16S-CP012026	271	160
16S-CP012026	272	160
16S-CP012026	273	160
16S-CP012026	274	160
16S-CP012026	275	160
16S-CP012026	276	163
16S-CP012026	277	165
16S-CP012026	278	163
16S-CP012026	279	164
16S-CP012026	280	164
16S-CP012026	281	165
16S-CP012026	282	164
16S-CP012026	283	164
16S-CP012026	284	165
16S-CP012026	285	166
16S-CP012026	286	166
16S-CP012026	287	169
16S-CP012026	288	172
16S-CP012026	289	171
16S-CP012026	290	168
16S-CP012026	291	169
16S-CP012026	292	169
16S-CP012026	293	169
16S-CP012026	294	169
16S-CP012026	295	169
16S-CP012026	296	165
16S-CP012026	297	164
16S-CP012026	298	164
16S-CP012026	299	164
16S-CP012026	300	164
16S-CP012026	301	169
16S-CP012026	302	168
16S-CP012026	303	171
16S-CP012026	304	171
16S-CP012026	305	172
16S-CP012026	306	172
16S-CP012026	307	171
16S-CP012026	308	171
16S-CP012026	309	178
16S-CP012026	310	178
16S-CP012026	311	178
16S-CP012026	312	177
16S-CP012026	313	179
16S-CP012026	314	179
16S-CP012026	315	180
16S-CP012026	316	179
16S-CP012026	317	179
16S-CP012026	318	165
16S-CP012026	319	164
16S-CP012026	320	164
16S-CP012026	321	164
16S-CP012026	322	164
16S-CP012026	323	163
16S-CP012026	324	163
16S-CP012026	325	162
16S-CP012026	326	160
16S-CP012026	327	168
16S-CP012026	328	167
16S-CP012026	329	166
16S-CP012026	330	166
16S-CP012026	331	166
16S-CP012026	332	167
16S-CP012026	333	168
16S-CP012026	334	170
16S-CP012026	335	166
16S-CP012026	336	165
16S-CP012026	337	164
16S-CP012026	338	165
16S-CP012026	339	165
16S-CP012026	340	165
16S-CP012026	341	165
16S-CP012026	342	166
16S-CP012026	343	160
16S-CP012026	344	161
16S-CP012026	345	162
16S-CP012026	346	164
16S-CP012026	347	164
16S-CP012026	348	164
16S-CP012026	349	164
16S-CP012026	350	164
16S-CP012026	351	164
16S-CP012026	352	167
16S-CP012026	353	167
16S-CP012026	354	169
16S-CP012026	355	170
16S-CP012026	356	171
16S-CP012026	357	171
16S-CP012026	358	170
16S-CP012026	359	170
16S-CP012026	360	170
16S-CP012026	361	166
16S-CP012026	362	166
16S-CP012026	363	165
16S-CP012026	364	165
16S-CP012026	365	165
16S-CP012026	366	165
16S-CP012026	367	165
16S-CP012026	368	159
16S-CP012026	369	160
16S-CP012026	370	160
16S-CP012026	371	160
16S-CP012026	372	160
16S-CP012026	373	164
16S-CP012026	374	166
16S-CP012026	375	166
16S-CP012026	376	166
16S-CP012026	377	165
16S-CP012026	378	169
16S-CP012026	379	169
16S-CP012026	380	167
16S-CP012026	381	164
16S-CP012026	382	163
16S-CP012026	383	163
16S-CP012026	384	163
16S-CP012026	385	163
16S-CP012026	386	163
16S-CP012026	387	158
16S-CP012026	388	157
16S-CP012026	389	158
16S-CP012026	390	158
16S-CP012026	391	163
16S-CP012026	392	163
16S-CP012026	393	164
16S-CP012026	394	164
16S-CP012026	395	165
16S-CP012026	396	163
16S-CP012026	397	163
16S-CP012026	398	162
16S-CP012026	399	162
16S-CP012026	400	169
16S-CP012026	401	171
16S-CP012026	402	171
16S-CP012026	403	171
16S-CP012026	404	169
16S-CP012026	405	176
16S-CP012026	406	179
16S-CP012026	407	179
16S-CP012026	408	179
16S-CP012026	409	176
16S-CP012026	410	174
16S-CP012026	411	177
16S-CP012026	412	180
16S-CP012026	413	178
16S-CP012026	414	177
16S-CP012026	415	177
16S-CP012026	416	179
16S-CP012026	417	179
16S-CP012026	418	179
16S-CP012026	419	178
16S-CP012026	420	179
16S-CP012026	421	176
16S-CP012026	422	173
16S-CP012026	423	175
16S-CP012026	424	175
16S-CP012026	425	175
16S-CP012026	426	174
16S-CP012026	427	173
16S-CP012026	428	171
16S-CP012026	429	171
16S-CP012026	430	170
16S-CP012026	431	170
16S-CP012026	432	168
16S-CP012026	433	168
16S-CP012026	434	169
16S-CP012026	435	167
16S-CP012026	436	167
16S-CP012026	437	168
16S-CP012026	438	168
16S-CP012026	439	166
16S-CP012026	440	166
16S-CP012026	441	167
16S-CP012026	442	169
16S-CP012026	443	169
16S-CP012026	444	169
16S-CP012026	445	169
16S-CP012026	446	170
16S-CP012026	447	170
16S-CP012026	448	170
16S-CP012026	449	167
16S-CP012026	450	169
16S-CP012026	451	169
16S-CP012026	452	169
16S-CP012026	453	167
16S-CP012026	454	165
16S-CP012026	455	165
16S-CP012026	456	167
16S-CP012026	457	171
16S-CP012026	458	172
16S-CP012026	459	173
16S-CP012026	460	172
16S-CP012026	461	172
16S-CP012026	462	172
16S-CP012026	463	172
16S-CP012026	464	174
16S-CP012026	465	174
16S-CP012026	466	174
16S-CP012026	467	175
16S-CP012026	468	175
16S-CP012026	469	175
16S-CP012026	470	181
16S-CP012026	471	181
16S-CP012026	472	180
16S-CP012026	473	180
16S-CP012026	474	180
16S-CP012026	475	181
16S-CP012026	476	181
16S-CP012026	477	182
16S-CP012026	478	181
16S-CP012026	479	175
16S-CP012026	480	185
16S-CP012026	481	185
16S-CP012026	482	183
16S-CP012026	483	184
16S-CP012026	484	184
16S-CP012026	485	183
16S-CP012026	486	184
16S-CP012026	487	184
16S-CP012026	488	185
16S-CP012026	489	187
16S-CP012026	490	184
16S-CP012026	491	182
16S-CP012026	492	182
16S-CP012026	493	177
16S-CP012026	494	177
16S-CP012026	495	177
16S-CP012026	496	178
16S-CP012026	497	174
16S-CP012026	498	174
16S-CP012026	499	172
16S-CP012026	500	175
16S-CP012026	501	179
16S-CP012026	502	179
16S-CP012026	503	178
16S-CP012026	504	175
16S-CP012026	505	175
16S-CP012026	506	177
16S-CP012026	507	175
16S-CP012026	508	175
16S-CP012026	509	166
16S-CP012026	510	166
16S-CP012026	511	166
16S-CP012026	512	166
16S-CP012026	513	166
16S-CP012026	514	166
16S-CP012026	515	165
16S-CP012026	516	165
16S-CP012026	517	166
16S-CP012026	518	166
16S-CP012026	519	164
16S-CP012026	520	164
16S-CP012026	521	164
16S-CP012026	522	164
16S-CP012026	523	167
16S-CP012026	524	167
16S-CP012026	525	180
16S-CP012026	526	180
16S-CP012026	527	179
16S-CP012026	528	176
16S-CP012026	529	183
16S-CP012026	530	183
16S-CP012026	531	183
16S-CP012026	532	181
16S-CP012026	533	181
16S-CP012026	534	177
16S-CP012026	535	180
16S-CP012026	536	180
16S-CP012026	537	183
16S-CP012026	538	180
16S-CP012026	539	182
16S-CP012026	540	180
16S-CP012026	541	180
16S-CP012026	542	181
16S-CP012026	543	182
16S-CP012026	544	180
16S-CP012026	545	180
16S-CP012026	546	182
16S-CP012026	547	181
16S-CP012026	548	185
16S-CP012026	549	185
16S-CP012026	550	187
16S-CP012026	551	188
16S-CP012026	552	188
16S-CP012026	553	194
16S-CP012026	554	193
16S-CP012026	555	193
16S-CP012026	556	192
16S-CP012026	557	193
16S-CP012026	558	193
16S-CP012026	559	190
16S-CP012026	560	186
16S-CP012026	561	190
16S-CP012026	562	189
16S-CP012026	563	197
16S-CP012026	564	198
16S-CP012026	565	198
16S-CP012026	566	199
16S-CP012026	567	199
16S-CP012026	568	199
16S-CP012026	569	199
16S-CP012026	570	199
16S-CP012026	571	195
16S-CP012026	572	195
16S-CP012026	573	197
16S-CP012026	574	197
16S-CP012026	575	197
16S-CP012026	576	197
16S-CP012026	577	197
16S-CP012026	578	197
16S-CP012026	579	200
16S-CP012026	580	200
16S-CP012026	581	202
16S-CP012026	582	201
16S-CP012026	583	200
16S-CP012026	584	202
16S-CP012026	585	205
16S-CP012026	586	205
16S-CP012026	587	209
16S-CP012026	588	208
16S-CP012026	589	207
16S-CP012026	590	203
16S-CP012026	591	203
16S-CP012026	592	203
16S-CP012026	593	202
16S-CP012026	594	197
16S-CP012026	595	198
16S-CP012026	596	195
16S-CP012026	597	195
16S-CP012026	598	195
16S-CP012026	599	196
16S-CP012026	600	196
16S-CP012026	601	196
16S-CP012026	602	198
16S-CP012026	603	197
16S-CP012026	604	198
16S-CP012026	605	196
16S-CP012026	606	196
16S-CP012026	607	194
16S-CP012026	608	193
16S-CP012026	609	193
16S-CP012026	610	191
16S-CP012026	611	191
16S-CP012026	612	191
16S-CP012026	613	193
16S-CP012026	614	191
16S-CP012026	615	191
16S-CP012026	616	192
16S-CP012026	617	192
16S-CP012026	618	192
16S-CP012026	619	193
16S-CP012026	620	190
16S-CP012026	621	190
16S-CP012026	622	190
16S-CP012026	623	190
16S-CP012026	624	189
16S-CP012026	625	188
16S-CP012026	626	187
16S-CP012026	627	183
16S-CP012026	628	183
16S-CP012026	629	183
16S-CP012026	630	186
16S-CP012026	631	186
16S-CP012026	632	186
16S-CP012026	633	189
16S-CP012026	634	189
16S-CP012026	635	191
16S-CP012026	636	192
16S-CP012026	637	192
16S-CP012026	638	194
16S-CP012026	639	191
16S-CP012026	640	193
16S-CP012026	641	193
16S-CP012026	642	192
16S-CP012026	643	193
16S-CP012026	644	190
16S-CP012026	645	194
16S-CP012026	646	193
16S-CP012026	647	193
16S-CP012026	648	192
16S-CP012026	649	193
16S-CP012026	650	191
16S-CP012026	651	188
16S-CP012026	652	186
16S-CP012026	653	195
16S-CP012026	654	195
16S-CP012026	655	195
16S-CP012026	656	194
16S-CP012026	657	193
16S-CP012026	658	193
16S-CP012026	659	193
16S-CP012026	660	193
16S-CP012026	661	193
16S-CP012026	662	189
16S-CP012026	663	190
16S-CP012026	664	189
16S-CP012026	665	189
16S-CP012026	666	189
16S-CP012026	667	190
16S-CP012026	668	190
16S-CP012026	669	192
16S-CP012026	670	191
16S-CP012026	671	192
16S-CP012026	672	187
16S-CP012026	673	187
16S-CP012026	674	188
16S-CP012026	675	190
16S-CP012026	676	193
16S-CP012026	677	195
16S-CP012026	678	195
16S-CP012026	679	194
16S-CP012026	680	194
16S-CP012026	681	198
16S-CP012026	682	198
16S-CP012026	683	200
16S-CP012026	684	200
16S-CP012026	685	199
16S-CP012026	686	199
16S-CP012026	687	198
16S-CP012026	688	198
16S-CP012026	689	197
16S-CP012026	690	196
16S-CP012026	691	197
16S-CP012026	692	195
16S-CP012026	693	201
16S-CP012026	694	201
16S-CP012026	695	201
16S-CP012026	696	204
16S-CP012026	697	204
16S-CP012026	698	204
16S-CP012026	699	206
16S-CP012026	700	207
16S-CP012026	701	207
16S-CP012026	702	200
16S-CP012026	703	202
16S-CP012026	704	202
16S-CP012026	705	202
16S-CP012026	706	206
16S-CP012026	707	206
16S-CP012026	708	206
16S-CP012026	709	201
16S-CP012026	710	198
16S-CP012026	711	198
16S-CP012026	712	199
16S-CP012026	713	199
16S-CP012026	714	198
16S-CP012026	715	197
16S-CP012026	716	197
16S-CP012026	717	196
16S-CP012026	718	196
16S-CP012026	719	201
16S-CP012026	720	201
16S-CP012026	721	197
16S-CP012026	722	197
16S-CP012026	723	197
16S-CP012026	724	197
16S-CP012026	725	197
16S-CP012026	726	196
16S-CP012026	727	196
16S-CP012026	728	193
16S-CP012026	729	193
16S-CP012026	730	192
16S-CP012026	731	192
16S-CP012026	732	192
16S-CP012026	733	190
16S-CP012026	734	188
16S-CP012026	735	188
16S-CP012026	736	189
16S-CP012026	737	195
16S-CP012026	738	195
16S-CP012026	739	191
16S-CP012026	740	191
16S-CP012026	741	190
16S-CP012026	742	196
16S-CP012026	743	198
16S-CP012026	744	198
16S-CP012026	745	197
16S-CP012026	746	193
16S-CP012026	747	193
16S-CP012026	748	193
16S-CP012026	749	193
16S-CP012026	750	193
16S-CP012026	751	194
16S-CP012026	752	193
16S-CP012026	753	193
16S-CP012026	754	193
16S-CP012026	755	193
16S-CP012026	756	195
16S-CP012026	757	195
16S-CP012026	758	195
16S-CP012026	759	193
16S-CP012026	760	193
16S-CP012026	761	193
16S-CP012026	762	193
16S-CP012026	763	195
16S-CP012026	764	195
16S-CP012026	765	195
16S-CP012026	766	195
16S-CP012026	767	192
16S-CP012026	768	192
16S-CP012026	769	193
16S-CP012026	770	193
16S-CP012026	771	193
16S-CP012026	772	193
16S-CP012026	773	193
16S-CP012026	774	193
16S-CP012026	775	193
16S-CP012026	776	190
16S-CP012026	777	190
16S-CP012026	778	194
16S-CP012026	779	192
16S-CP012026	780	193
16S-CP012026	781	192
16S-CP012026	782	192
16S-CP012026	783	192
16S-CP012026	784	192
16S-CP012026	785	191
16S-CP012026	786	190
16S-CP012026	787	186
16S-CP012026	788	185
16S-CP012026	789	169
16S-CP012026	790	172
16S-CP012026	791	172
16S-CP012026	792	177
16S-CP012026	793	177
16S-CP012026	794	177
16S-CP012026	795	177
16S-CP012026	796	177
16S-CP012026	797	175
16S-CP012026	798	179
16S-CP012026	799	177
16S-CP012026	800	177
16S-CP012026	801	173
16S-CP012026	802	173
16S-CP012026	803	173
16S-CP012026	804	173
16S-CP012026	805	190
16S-CP012026	806	190
16S-CP012026	807	188
16S-CP012026	808	187
16S-CP012026	809	190
16S-CP012026	810	190
16S-CP012026	811	192
16S-CP012026	812	192
16S-CP012026	813	187
16S-CP012026	814	181
16S-CP012026	815	179
16S-CP012026	816	181
16S-CP012026	817	181
16S-CP012026	818	181
16S-CP012026	819	183
16S-CP012026	820	183
16S-CP012026	821	183
16S-CP012026	822	183
16S-CP012026	823	180
16S-CP012026	824	179
16S-CP012026	825	183
16S-CP012026	826	182
16S-CP012026	827	185
16S-CP012026	828	186
16S-CP012026	829	189
16S-CP012026	830	190
16S-CP012026	831	190
16S-CP012026	832	190
16S-CP012026	833	190
16S-CP012026	834	189
16S-CP012026	835	192
16S-CP012026	836	194
16S-CP012026	837	195
16S-CP012026	838	197
16S-CP012026	839	197
16S-CP012026	840	198
16S-CP012026	841	198
16S-CP012026	842	198
16S-CP012026	843	202
16S-CP012026	844	201
16S-CP012026	845	201
16S-CP012026	846	202
16S-CP012026	847	201
16S-CP012026	848	201
16S-CP012026	849	201
16S-CP012026	850	201
16S-CP012026	851	203
16S-CP012026	852	200
16S-CP012026	853	199
16S-CP012026	854	203
16S-CP012026	855	202
16S-CP012026	856	201
16S-CP012026	857	201
16S-CP012026	858	201
16S-CP012026	859	202
16S-CP012026	860	202
16S-CP012026	861	202
16S-CP012026	862	202
16S-CP012026	863	200
16S-CP012026	864	200
16S-CP012026	865	198
16S-CP012026	866	198
16S-CP012026	867	197
16S-CP012026	868	197
16S-CP012026	869	200
16S-CP012026	870	199
16S-CP012026	871	199
16S-CP012026	872	199
16S-CP012026	873	199
16S-CP012026	874	199
16S-CP012026	875	201
16S-CP012026	876	204
16S-CP012026	877	216
16S-CP012026	878	213
16S-CP012026	879	213
16S-CP012026	880	214
16S-CP012026	881	214
16S-CP012026	882	216
16S-CP012026	883	216
16S-CP012026	884	213
16S-CP012026	885	215
16S-CP012026	886	211
16S-CP012026	887	213
16S-CP012026	888	213
16S-CP012026	889	206
16S-CP012026	890	207
16S-CP012026	891	203
16S-CP012026	892	201
16S-CP012026	893	201
16S-CP012026	894	200
16S-CP012026	895	200
16S-CP012026	896	200
16S-CP012026	897	204
16S-CP012026	898	207
16S-CP012026	899	209
16S-CP012026	900	210
16S-CP012026	901	210
16S-CP012026	902	211
16S-CP012026	903	211
16S-CP012026	904	210
16S-CP012026	905	210
16S-CP012026	906	208
16S-CP012026	907	208
16S-CP012026	908	208
16S-CP012026	909	208
16S-CP012026	910	208
16S-CP012026	911	211
16S-CP012026	912	213
16S-CP012026	913	213
16S-CP012026	914	213
16S-CP012026	915	215
16S-CP012026	916	215
16S-CP012026	917	219
16S-CP012026	918	218
16S-CP012026	919	218
16S-CP012026	920	218
16S-CP012026	921	218
16S-CP012026	922	219
16S-CP012026	923	224
16S-CP012026	924	224
16S-CP012026	925	224
16S-CP012026	926	224
16S-CP012026	927	226
16S-CP012026	928	226
16S-CP012026	929	226
16S-CP012026	930	226
16S-CP012026	931	226
16S-CP012026	932	225
16S-CP012026	933	225
16S-CP012026	934	228
16S-CP012026	935	226
16S-CP012026	936	221
16S-CP012026	937	222
16S-CP012026	938	218
16S-CP012026	939	222
16S-CP012026	940	223
16S-CP012026	941	223
16S-CP012026	942	220
16S-CP012026	943	214
16S-CP012026	944	213
16S-CP012026	945	214
16S-CP012026	946	211
16S-CP012026	947	210
16S-CP012026	948	207
16S-CP012026	949	211
16S-CP012026	950	213
16S-CP012026	951	210
16S-CP012026	952	210
16S-CP012026	953	209
16S-CP012026	954	212
16S-CP012026	955	212
16S-CP012026	956	212
16S-CP012026	957	209
16S-CP012026	958	207
16S-CP012026	959	210
16S-CP012026	960	210
16S-CP012026	961	210
16S-CP012026	962	214
16S-CP012026	963	211
16S-CP012026	964	211
16S-CP012026	965	211
16S-CP012026	966	212
16S-CP012026	967	214
16S-CP012026	968	212
16S-CP012026	969	212
16S-CP012026	970	212
16S-CP012026	971	212
16S-CP012026	972	213
16S-CP012026	973	213
16S-CP012026	974	213
16S-CP012026	975	211
16S-CP012026	976	212
16S-CP012026	977	212
16S-CP012026	978	212
16S-CP012026	979	212
16S-CP012026	980	209
16S-CP012026	981	207
16S-CP012026	982	204
16S-CP012026	983	206
16S-CP012026	984	206
16S-CP012026	985	204
16S-CP012026	986	205
16S-CP012026	987	204
16S-CP012026	988	200
16S-CP012026	989	200
16S-CP012026	990	200
16S-CP012026	991	200
16S-CP012026	992	197
16S-CP012026	993	198
16S-CP012026	994	198
16S-CP012026	995	198
16S-CP012026	996	198
16S-CP012026	997	198
16S-CP012026	998	198
16S-CP012026	999	198
16S-CP012026	1000	202
16S-CP012026	1001	202
16S-CP012026	1002	193
16S-CP012026	1003	193
16S-CP012026	1004	193
16S-CP012026	1005	196
16S-CP012026	1006	196
16S-CP012026	1007	192
16S-CP012026	1008	192
16S-CP012026	1009	193
16S-CP012026	1010	193
16S-CP012026	1011	191
16S-CP012026	1012	189
16S-CP012026	1013	193
16S-CP012026	1014	199
16S-CP012026	1015	199
16S-CP012026	1016	196
16S-CP012026	1017	196
16S-CP012026	1018	195
16S-CP012026	1019	196
16S-CP012026	1020	195
16S-CP012026	1021	197
16S-CP012026	1022	200
16S-CP012026	1023	197
16S-CP012026	1024	197
16S-CP012026	1025	197
16S-CP012026	1026	198
16S-CP012026	1027	198
16S-CP012026	1028	198
16S-CP012026	1029	198
16S-CP012026	1030	198
16S-CP012026	1031	198
16S-CP012026	1032	205
16S-CP012026	1033	203
16S-CP012026	1034	204
16S-CP012026	1035	204
16S-CP012026	1036	203
16S-CP012026	1037	203
16S-CP012026	1038	207
16S-CP012026	1039	207
16S-CP012026	1040	210
16S-CP012026	1041	200
16S-CP012026	1042	201
16S-CP012026	1043	199
16S-CP012026	1044	198
16S-CP012026	1045	198
16S-CP012026	1046	201
16S-CP012026	1047	199
16S-CP012026	1048	201
16S-CP012026	1049	201
16S-CP012026	1050	201
16S-CP012026	1051	199
16S-CP012026	1052	199
16S-CP012026	1053	202
16S-CP012026	1054	198
16S-CP012026	1055	195
16S-CP012026	1056	193
16S-CP012026	1057	197
16S-CP012026	1058	199
16S-CP012026	1059	199
16S-CP012026	1060	198
16S-CP012026	1061	198
16S-CP012026	1062	198
16S-CP012026	1063	198
16S-CP012026	1064	199
16S-CP012026	1065	199
16S-CP012026	1066	199
16S-CP012026	1067	199
16S-CP012026	1068	202
16S-CP012026	1069	202
16S-CP012026	1070	202
16S-CP012026	1071	202
16S-CP012026	1072	203
16S-CP012026	1073	203
16S-CP012026	1074	205
16S-CP012026	1075	205
16S-CP012026	1076	203
16S-CP012026	1077	205
16S-CP012026	1078	203
16S-CP012026	1079	203
16S-CP012026	1080	200
16S-CP012026	1081	200
16S-CP012026	1082	203
16S-CP012026	1083	203
16S-CP012026	1084	205
16S-CP012026	1085	204
16S-CP012026	1086	203
16S-CP012026	1087	203
16S-CP012026	1088	202
16S-CP012026	1089	204
16S-CP012026	1090	204
16S-CP012026	1091	203
16S-CP012026	1092	203
16S-CP012026	1093	202
16S-CP012026	1094	202
16S-CP012026	1095	203
16S-CP012026	1096	202
16S-CP012026	1097	202
16S-CP012026	1098	198
16S-CP012026	1099	199
16S-CP012026	1100	199
16S-CP012026	1101	198
16S-CP012026	1102	198
16S-CP012026	1103	198
16S-CP012026	1104	197
16S-CP012026	1105	197
16S-CP012026	1106	200
16S-CP012026	1107	201
16S-CP012026	1108	204
16S-CP012026	1109	202
16S-CP012026	1110	200
16S-CP012026	1111	204
16S-CP012026	1112	204
16S-CP012026	1113	205
16S-CP012026	1114	205
16S-CP012026	1115	204
16S-CP012026	1116	200
16S-CP012026	1117	200
16S-CP012026	1118	200
16S-CP012026	1119	201
16S-CP012026	1120	194
16S-CP012026	1121	194
16S-CP012026	1122	194
16S-CP012026	1123	197
16S-CP012026	1124	197
16S-CP012026	1125	197
16S-CP012026	1126	195
16S-CP012026	1127	190
16S-CP012026	1128	191
16S-CP012026	1129	191
16S-CP012026	1130	191
16S-CP012026	1131	190
16S-CP012026	1132	189
16S-CP012026	1133	191
16S-CP012026	1134	191
16S-CP012026	1135	188
16S-CP012026	1136	190
16S-CP012026	1137	190
16S-CP012026	1138	192
16S-CP012026	1139	195
16S-CP012026	1140	194
16S-CP012026	1141	211
16S-CP012026	1142	207
16S-CP012026	1143	215
16S-CP012026	1144	216
16S-CP012026	1145	214
16S-CP012026	1146	214
16S-CP012026	1147	214
16S-CP012026	1148	214
16S-CP012026	1149	206
16S-CP012026	1150	199
16S-CP012026	1151	196
16S-CP012026	1152	192
16S-CP012026	1153	191
16S-CP012026	1154	191
16S-CP012026	1155	191
16S-CP012026	1156	192
16S-CP012026	1157	192
16S-CP012026	1158	192
16S-CP012026	1159	192
16S-CP012026	1160	192
16S-CP012026	1161	193
16S-CP012026	1162	192
16S-CP012026	1163	189
16S-CP012026	1164	189
16S-CP012026	1165	197
16S-CP012026	1166	197
16S-CP012026	1167	197
16S-CP012026	1168	195
16S-CP012026	1169	195
16S-CP012026	1170	195
16S-CP012026	1171	195
16S-CP012026	1172	197
16S-CP012026	1173	195
16S-CP012026	1174	194
16S-CP012026	1175	194
16S-CP012026	1176	198
16S-CP012026	1177	198
16S-CP012026	1178	197
16S-CP012026	1179	197
16S-CP012026	1180	195
16S-CP012026	1181	195
16S-CP012026	1182	195
16S-CP012026	1183	192
16S-CP012026	1184	191
16S-CP012026	1185	188
16S-CP012026	1186	190
16S-CP012026	1187	190
16S-CP012026	1188	189
16S-CP012026	1189	188
16S-CP012026	1190	186
16S-CP012026	1191	186
16S-CP012026	1192	187
16S-CP012026	1193	189
16S-CP012026	1194	191
16S-CP012026	1195	190
16S-CP012026	1196	187
16S-CP012026	1197	187
16S-CP012026	1198	187
16S-CP012026	1199	186
16S-CP012026	1200	185
16S-CP012026	1201	185
16S-CP012026	1202	185
16S-CP012026	1203	187
16S-CP012026	1204	193
16S-CP012026	1205	193
16S-CP012026	1206	193
16S-CP012026	1207	194
16S-CP012026	1208	194
16S-CP012026	1209	200
16S-CP012026	1210	199
16S-CP012026	1211	200
16S-CP012026	1212	197
16S-CP012026	1213	193
16S-CP012026	1214	195
16S-CP012026	1215	195
16S-CP012026	1216	195
16S-CP012026	1217	195
16S-CP012026	1218	191
16S-CP012026	1219	191
16S-CP012026	1220	192
16S-CP012026	1221	192
16S-CP012026	1222	192
16S-CP012026	1223	190
16S-CP012026	1224	191
16S-CP012026	1225	192
16S-CP012026	1226	195
16S-CP012026	1227	194
16S-CP012026	1228	196
16S-CP012026	1229	198
16S-CP012026	1230	196
16S-CP012026	1231	196
16S-CP012026	1232	196
16S-CP012026	1233	196
16S-CP012026	1234	195
16S-CP012026	1235	193
16S-CP012026	1236	197
16S-CP012026	1237	194
16S-CP012026	1238	195
16S-CP012026	1239	195
16S-CP012026	1240	211
16S-CP012026	1241	211
16S-CP012026	1242	213
16S-CP012026	1243	212
16S-CP012026	1244	208
16S-CP012026	1245	210
16S-CP012026	1246	211
16S-CP012026	1247	220
16S-CP012026	1248	220
16S-CP012026	1249	207
16S-CP012026	1250	200
16S-CP012026	1251	200
16S-CP012026	1252	202
16S-CP012026	1253	202
16S-CP012026	1254	202
16S-CP012026	1255	200
16S-CP012026	1256	197
16S-CP012026	1257	197
16S-CP012026	1258	197
16S-CP012026	1259	196
16S-CP012026	1260	196
16S-CP012026	1261	198
16S-CP012026	1262	198
16S-CP012026	1263	198
16S-CP012026	1264	198
16S-CP012026	1265	198
16S-CP012026	1266	198
16S-CP012026	1267	198
16S-CP012026	1268	198
16S-CP012026	1269	198
16S-CP012026	1270	197
16S-CP012026	1271	198
16S-CP012026	1272	198
16S-CP012026	1273	198
16S-CP012026	1274	198
16S-CP012026	1275	199
16S-CP012026	1276	199
16S-CP012026	1277	198
16S-CP012026	1278	198
16S-CP012026	1279	198
16S-CP012026	1280	198
16S-CP012026	1281	198
16S-CP012026	1282	199
16S-CP012026	1283	196
16S-CP012026	1284	194
16S-CP012026	1285	193
16S-CP012026	1286	193
16S-CP012026	1287	193
16S-CP012026	1288	196
16S-CP012026	1289	196
16S-CP012026	1290	197
16S-CP012026	1291	197
16S-CP012026	1292	197
16S-CP012026	1293	196
16S-CP012026	1294	198
16S-CP012026	1295	198
16S-CP012026	1296	197
16S-CP012026	1297	195
16S-CP012026	1298	197
16S-CP012026	1299	197
16S-CP012026	1300	198
16S-CP012026	1301	198
16S-CP012026	1302	198
16S-CP012026	1303	198
16S-CP012026	1304	197
16S-CP012026	1305	197
16S-CP012026	1306	197
16S-CP012026	1307	193
16S-CP012026	1308	199
16S-CP012026	1309	198
16S-CP012026	1310	198
16S-CP012026	1311	198
16S-CP012026	1312	198
16S-CP012026	1313	198
16S-CP012026	1314	200
16S-CP012026	1315	199
16S-CP012026	1316	200
16S-CP012026	1317	196
16S-CP012026	1318	196
16S-CP012026	1319	197
16S-CP012026	1320	199
16S-CP012026	1321	199
16S-CP012026	1322	196
16S-CP012026	1323	196
16S-CP012026	1324	196
16S-CP012026	1325	196
16S-CP012026	1326	196
16S-CP012026	1327	195
16S-CP012026	1328	194
16S-CP012026	1329	195
16S-CP012026	1330	193
16S-CP012026	1331	193
16S-CP012026	1332	193
16S-CP012026	1333	192
16S-CP012026	1334	192
16S-CP012026	1335	192
16S-CP012026	1336	190
16S-CP012026	1337	190
16S-CP012026	1338	191
16S-CP012026	1339	191
16S-CP012026	1340	193
16S-CP012026	1341	193
16S-CP012026	1342	192
16S-CP012026	1343	192
16S-CP012026	1344	191
16S-CP012026	1345	192
16S-CP012026	1346	191
16S-CP012026	1347	191
16S-CP012026	1348	191
16S-CP012026	1349	189
16S-CP012026	1350	192
16S-CP012026	1351	193
16S-CP012026	1352	194
16S-CP012026	1353	194
16S-CP012026	1354	194
16S-CP012026	1355	197
16S-CP012026	1356	196
16S-CP012026	1357	196
16S-CP012026	1358	195
16S-CP012026	1359	180
16S-CP012026	1360	180
16S-CP012026	1361	173
16S-CP012026	1362	173
16S-CP012026	1363	173
16S-CP012026	1364	170
16S-CP012026	1365	170
16S-CP012026	1366	167
16S-CP012026	1367	169
16S-CP012026	1368	170
16S-CP012026	1369	170
16S-CP012026	1370	169
16S-CP012026	1371	168
16S-CP012026	1372	168
16S-CP012026	1373	167
16S-CP012026	1374	164
16S-CP012026	1375	164
16S-CP012026	1376	164
16S-CP012026	1377	164
16S-CP012026	1378	163
16S-CP012026	1379	163
16S-CP012026	1380	163
16S-CP012026	1381	165
16S-CP012026	1382	163
16S-CP012026	1383	161
16S-CP012026	1384	163
16S-CP012026	1385	169
16S-CP012026	1386	169
16S-CP012026	1387	169
16S-CP012026	1388	168
16S-CP012026	1389	167
16S-CP012026	1390	158
16S-CP012026	1391	154
16S-CP012026	1392	147
16S-CP012026	1393	146
16S-CP012026	1394	134
16S-CP012026	1395	131
16S-CP012026	1396	131
16S-CP012026	1397	131
16S-CP012026	1398	131
16S-CP012026	1399	131
16S-CP012026	1400	128
16S-CP012026	1401	128
16S-CP012026	1402	129
16S-CP012026	1403	130
16S-CP012026	1404	130
16S-CP012026	1405	133
16S-CP012026	1406	131
16S-CP012026	1407	132
16S-CP012026	1408	133
16S-CP012026	1409	133
16S-CP012026	1410	135
16S-CP012026	1411	135
16S-CP012026	1412	131
16S-CP012026	1413	132
16S-CP012026	1414	131
16S-CP012026	1415	133
16S-CP012026	1416	133
16S-CP012026	1417	133
16S-CP012026	1418	133
16S-CP012026	1419	133
16S-CP012026	1420	133
16S-CP012026	1421	135
16S-CP012026	1422	135
16S-CP012026	1423	135
16S-CP012026	1424	135
16S-CP012026	1425	133
16S-CP012026	1426	135
16S-CP012026	1427	139
16S-CP012026	1428	140
16S-CP012026	1429	141
16S-CP012026	1430	140
16S-CP012026	1431	139
16S-CP012026	1432	139
16S-CP012026	1433	139
16S-CP012026	1434	142
16S-CP012026	1435	139
16S-CP012026	1436	141
16S-CP012026	1437	141
16S-CP012026	1438	141
16S-CP012026	1439	139
16S-CP012026	1440	137
16S-CP012026	1441	135
16S-CP012026	1442	134
16S-CP012026	1443	134
16S-CP012026	1444	134
16S-CP012026	1445	136
16S-CP012026	1446	136
16S-CP012026	1447	136
16S-CP012026	1448	136
16S-CP012026	1449	140
16S-CP012026	1450	140
16S-CP012026	1451	142
16S-CP012026	1452	141
16S-CP012026	1453	141
16S-CP012026	1454	143
16S-CP012026	1455	145
16S-CP012026	1456	146
16S-CP012026	1457	149
16S-CP012026	1458	147
16S-CP012026	1459	147
16S-CP012026	1460	144
16S-CP012026	1461	144
16S-CP012026	1462	139
16S-CP012026	1463	141
16S-CP012026	1464	140
16S-CP012026	1465	140
16S-CP012026	1466	140
16S-CP012026	1467	139
16S-CP012026	1468	139
16S-CP012026	1469	139
16S-CP012026	1470	140
16S-CP012026	1471	139
16S-CP012026	1472	139
16S-CP012026	1473	139
16S-CP012026	1474	138
16S-CP012026	1475	137
16S-CP012026	1476	135
16S-CP012026	1477	134
16S-CP012026	1478	134
16S-CP012026	1479	132
16S-CP012026	1480	132
16S-CP012026	1481	134
16S-CP012026	1482	135
16S-CP012026	1483	135
16S-CP012026	1484	132
16S-CP012026	1485	132
16S-CP012026	1486	132
16S-CP012026	1487	133
16S-CP012026	1488	134
16S-CP012026	1489	133
16S-CP012026	1490	133
16S-CP012026	1491	133
16S-CP012026	1492	137
16S-CP012026	1493	137
16S-CP012026	1494	137
16S-CP012026	1495	137
16S-CP012026	1496	136
16S-CP012026	1497	139
16S-CP012026	1498	136
16S-CP012026	1499	136
16S-CP012026	1500	136
16S-CP012026	1501	134
16S-CP012026	1502	136
16S-CP012026	1503	136
16S-CP012026	1504	136
16S-CP012026	1505	136
16S-CP012026	1506	137
16S-CP012026	1507	137
16S-CP012026	1508	137
16S-CP012026	1509	138
16S-CP012026	1510	138
16S-CP012026	1511	137
16S-CP012026	1512	134
16S-CP012026	1513	134
16S-CP012026	1514	134
16S-CP012026	1515	135
16S-CP012026	1516	135
16S-CP012026	1517	135
16S-CP012026	1518	135
16S-CP012026	1519	135
16S-CP012026	1520	135
16S-CP012026	1521	135
16S-CP012026	1522	134
16S-CP012026	1523	134
16S-CP012026	1524	133
16S-CP012026	1525	133
16S-CP012026	1526	132
16S-CP012026	1527	132
16S-CP012026	1528	132
16S-CP012026	1529	132
16S-CP012026	1530	132
16S-CP012026	1531	132
16S-CP012026	1532	132
16S-CP012026	1533	131
16S-CP012026	1534	131
16S-CP012026	1535	131
16S-CP012026	1536	130
